/*
SQLyog Ultimate v12.5.1 (32 bit)
MySQL - 10.1.41-MariaDB : Database - cekingxm_gianyarkab
*********************************************************************
*/

/*!40101 SET NAMES utf8 */;

/*!40101 SET SQL_MODE=''*/;

/*!40014 SET @OLD_UNIQUE_CHECKS=@@UNIQUE_CHECKS, UNIQUE_CHECKS=0 */;
/*!40014 SET @OLD_FOREIGN_KEY_CHECKS=@@FOREIGN_KEY_CHECKS, FOREIGN_KEY_CHECKS=0 */;
/*!40101 SET @OLD_SQL_MODE=@@SQL_MODE, SQL_MODE='NO_AUTO_VALUE_ON_ZERO' */;
/*!40111 SET @OLD_SQL_NOTES=@@SQL_NOTES, SQL_NOTES=0 */;
/*Table structure for table `ref_alamat_instansi` */

DROP TABLE IF EXISTS `ref_alamat_instansi`;

CREATE TABLE `ref_alamat_instansi` (
  `alamat_instansi_id` int(11) NOT NULL AUTO_INCREMENT,
  `alamat_instansi_nama` varchar(255) DEFAULT NULL,
  `alamat_instansi_alamat` varchar(255) DEFAULT NULL,
  `alamat_instansi_telp` varchar(255) DEFAULT NULL,
  `alamat_instansi_email` varchar(255) DEFAULT NULL,
  `alamat_instansi_user_id` bigint(20) DEFAULT NULL,
  PRIMARY KEY (`alamat_instansi_id`)
) ENGINE=InnoDB AUTO_INCREMENT=71 DEFAULT CHARSET=utf8mb4;

/*Data for the table `ref_alamat_instansi` */

insert  into `ref_alamat_instansi`(`alamat_instansi_id`,`alamat_instansi_nama`,`alamat_instansi_alamat`,`alamat_instansi_telp`,`alamat_instansi_email`,`alamat_instansi_user_id`) values 
(1,'Diskominfo gianyar','Jln. Kebo Iwa','081234','diskominfo@gianyarkab.go.id',NULL),
(3,'Bupati Gianyar','Jln. Ngurah Rai No. 5 - 7 Gianyar','(0361) 944123',NULL,NULL),
(4,'Wakil Bupati Gianyar','Jln. Ngurah Rai No. 5 - 7 Gianyar','(0361) 944123','bupati@gmail.com',NULL),
(5,'	Sekretariat Daerah','Jln. Ngurah Rai No. 5 - 7 Gianyar','(0361) 944123',NULL,NULL),
(6,'	Ass. Administrasi Pemerintahan dan Kesejahteraan Rakyat','Jln. Ngurah Rai No. 5 - 7 Gianyar','(0361) 944123',NULL,NULL),
(7,'Bagian Tata Pemerintahan','Jln. Ngurah Rai No. 5 - 7 Gianyar','(0361) 944123',NULL,NULL),
(8,'	Bagian Pemerintahan Desa','Jln. Ngurah Rai No. 5 - 7 Gianyar','(0361) 944123',NULL,NULL),
(9,'	Bagian Humas dan Protokol','Jln. Ngurah Rai No. 5 - 7 Gianyar','(0361) 944123',NULL,NULL),
(10,'Bagian Kesejahteraan Rakyat','Jln. Ngurah Rai No. 5 - 7 Gianyar','(0361) 944123',NULL,NULL),
(11,'Ass. Administrasi Ekonomi dan Pembangunan','Jln. Ngurah Rai No. 5 - 7 Gianyar','(0361) 944123',NULL,NULL),
(12,'	Bagian Ekonomi','Jln. Ngurah Rai No. 5 - 7 Gianyar','(0361) 944123',NULL,NULL),
(13,'Bagian Pembangunan','Jln. Ngurah Rai No. 5 - 7 Gianyar','(0361) 944123',NULL,NULL),
(14,'Bagian Pengolahan Aset dan Perwat','Jln. Ngurah Rai No. 5 - 7 Gianyar','(0361) 944123','perwat@gianyarkab.go.id',NULL),
(15,'	Bagian Pertanahan','Jln. Ngurah Rai No. 5 - 7 Gianyar','(0361) 944123',NULL,NULL),
(16,'Ass.Administrasi Umum','Jln. Ngurah Rai No. 5 - 7 Gianyar','(0361) 944123',NULL,NULL),
(17,'	Bagian Umum','Jln. Ngurah Rai No. 5 - 7 Gianyar','(0361) 944123',NULL,NULL),
(18,'Bagian Keuangan','Jln. Ngurah Rai No. 5 - 7 Gianyar','(0361) 944123',NULL,NULL),
(19,'Bagian Hukum dan Ham','Jln. Ngurah Rai No. 5 - 7 Gianyar','(0361) 944123',NULL,NULL),
(20,'Bagian Organisasi dan Tata Laksana','Jln. Ngurah Rai No. 5 - 7 Gianyar','(0361) 944123',NULL,NULL),
(21,'Sekretariat Dewan','Jln. Ngurah Rai Gianyar',NULL,NULL,NULL),
(22,'Badan Kesbanglinmas','Jln. Manik Gianyar','(0361) 943403',NULL,NULL),
(23,'	Badan Kepegawaian Daerah','Jln. Kebo Iwa Gianyar','(0361) 943137',NULL,NULL),
(24,'Inspektorat','Jln. Sahadewa No. 8 Gianyar','(0361) 943390/ 943177',NULL,NULL),
(25,'Badan Pemberdayaan Masyarakat dan Desa','Jln. Astina Timur No. 14 Gianyar','(0361) 943089',NULL,NULL),
(26,'	Badan Perencanaan Pembangunan Daerah','Jln. Kesatrian No. 3 Gianyar','(0361) 943220','	bappeda@gianyarkab.go.id',NULL),
(27,'	Badan Lingkungan Hidup','Jln. Astina Selatan Gianya','(0361) 943816',NULL,NULL),
(28,'Badan Pemberdayaan Perempuan dan KB','Jln. Manik Gianyar','(0361) 913038','bppkb@gianyarkab.go.id',NULL),
(29,'Badan Penanggulangan Bencana Daerah','Gor. Stadion Dipta Gianya',NULL,NULL,NULL),
(30,'Badan Pelayanan Perijinan Terpadu','Jln. Ngurah Rai No. 5 - 7 Gianyar','(0361) 943123',NULL,NULL),
(31,'Dinas Pariwisata','Jln. Ngurah Rai Gianyar','	(0361) 943401',NULL,NULL),
(32,'Dinas Sosial','	Jln. Kesatrian 18 B Gianyar','(0361) 943899',NULL,NULL),
(33,'Dinas Pendidikan, Pemuda dan Olahraga','Jln. Erlangga No. 1 Gianyar','(0361) 943121/ 943178',NULL,NULL),
(34,'Dinas Kebudayaan','Jln. Kebo Iwa, Gianyar','(0361) 943076',NULL,NULL),
(35,'Dinas Pertanian, Kehutanan, dan Perkebunan','Jl. Astina Selatan No. 3 Gianyar','	(0361) 943048	 ',NULL,NULL),
(36,'Dinas Perindustrian dan Perdagangan','Jln. Erlangga Gianyar','(0361) 943105',NULL,NULL),
(37,'Dinas Koperasi, Usaha Kecil dan Menengah','Jln. Erlangga Gianyar','(0361) 943105',NULL,NULL),
(38,'Dinas Pendapatan','	Jln. Ciung Wanara No. 16 Gianyar','(0361) 943003/ 950237','dipenda@gianyarkab.go.id',NULL),
(39,'Dinas Peternakan Perikanan dan Kelautan','Jln. Udayana Buruan Blahbatuh Gianyar','(0361) 943022',NULL,NULL),
(40,'	Dinas Perhubungan, Infokom','	Jln. Kebo Iwa, Gianyar','(0361) 943180',NULL,NULL),
(41,'	Dinas Pekerjaan Umum','Jln. Raya Bona Gianyar','(0361) 944997','	dishubinkom@gianyarkab.go.id',NULL),
(42,'Dinas Kesehatan','Jln. Ciung Wanara No 6 Gianyar','	(0361) 943007	 ',NULL,NULL),
(43,'Dinas Tenaga Kerja dan Transmigrasi','Jln. Sidan Gianyar','(0361) 941466	 ',NULL,NULL),
(44,'Dinas Kependudukan dan Catatan Sipil','Jln. Kebo Iwa Gianyar','(0361) 943236',NULL,NULL),
(45,'Dinas Kebersihan dan Pertamana','Jln. Astina Selatan Gianyar','(0361) 942291	 ',NULL,NULL),
(46,'KPUD Kabupaten Gianyar','Jln. Jata Gianyar','	(0361) 946175	',NULL,NULL),
(47,'RSUD Sanjiwani Gianyar','Jln. Ciung Wanara No. 2 Gianyar','(0361) 943020/ 943524','	rsudsanjiwani@gianyarkab.go.id',NULL),
(48,'	PLN Kabupaten Gianyar','Jln. Kebo Iwa Gianyar','(0361) 948631	 ',NULL,NULL),
(49,'Kantor Samsat Gianyar','Jln. Dalem Samprangan Gianyar','(0361) 942190',NULL,NULL),
(50,'PKK Kabupaten Gianyar','	Jln. Manik No. 2 Gianyar','(0361) 942281','	pkk@gianyarkab.go.id',NULL),
(51,'Kantor PDAM Kabupaten Gianyar','Jln. Astina Timur Gianyar','(0361) 943233	 ',NULL,NULL),
(52,'Pemadam Kebakaran Gianyar','Jln. Stadion Dipta','(0361) 7844716	 ',NULL,NULL),
(53,'	Polres Gianyar','Jln. Ngurah Rai No. 6 Gianyar','	(0361) 943110	 ',NULL,NULL),
(54,'	Denzipur-9 Gianyar','	Jln. Kesatrian Gianyar','(0361) 943002/ 943145',NULL,NULL),
(55,'Kapolsek Gianyar','Jln. Ratna No. 1 Gianyar','(0361) 944510	',NULL,NULL),
(56,'Kapolsek Sukawati','	Jln. Raya Sukawati Gianyar','(0361) 289723	 ',NULL,NULL),
(57,'	Kapolsek Tampaksiring','Jln. Aspol Tampaksiring','(0361) 901110',NULL,NULL),
(58,'Kapolsek Blahbatuh','Jln. Udayana Blahbatuh','(0361) 941165	 ',NULL,NULL),
(59,'Kapolsek Ubud','Jln. Raya Andong No. 1 Ubud','(0361) 975316',NULL,NULL),
(60,'Kapolsek Tegalalang','Jln. Raya Tegalalang','(0361) 901575',NULL,NULL),
(61,'Kapolsek Payangan','Jln. Raya Payangan','	(0361) 7974794	 ',NULL,NULL),
(62,'Kantor Camat Gianyar','	Jln. Astina Selatan','(0361) 943008',NULL,NULL),
(63,'Kantor Camat Blahbatuh','Jln. Wisma Gajahmada No. 1 Blahbatuh','(0361) 932427',NULL,NULL),
(64,'	Kantor Camat Ubud','Jln. Tjok Putra Sudarsana Ubud','(0361) 977224',NULL,NULL),
(65,'Kantor Camat Sukawati','Jln . Raya Sukawati No. 16 Gianyar','	(0361) 298005	',NULL,NULL),
(66,'Kantor Camat Tampaksiring','Jln. Yama Brata Tampaksiring','(0361) 901218',NULL,NULL),
(67,'	Kantor Camat Tegallalang','	Jln. Raya Tegallalang','(0361) 973074	',NULL,NULL),
(68,'Kantor Camat Payangan','	Jln. Giri Kusuma Payangan','(0361) 974198	',NULL,NULL),
(70,'Pemda Gianyar',' Jln. Ngurah Rai No. 5 - 7 Gianyar','0534853453223','pemda@gianyar.com',NULL);

/*Table structure for table `ref_artikel_berita_media` */

DROP TABLE IF EXISTS `ref_artikel_berita_media`;

CREATE TABLE `ref_artikel_berita_media` (
  `artikel_berita_media_id` int(11) NOT NULL AUTO_INCREMENT,
  `artikel_berita_media_media` varchar(255) DEFAULT NULL,
  `artikel_berita_media_artikel_berita_id` bigint(20) DEFAULT NULL,
  `artikel_berita_media_artikel_berita_slug` varchar(255) DEFAULT NULL,
  PRIMARY KEY (`artikel_berita_media_id`)
) ENGINE=MyISAM AUTO_INCREMENT=35 DEFAULT CHARSET=latin1;

/*Data for the table `ref_artikel_berita_media` */

insert  into `ref_artikel_berita_media`(`artikel_berita_media_id`,`artikel_berita_media_media`,`artikel_berita_media_artikel_berita_id`,`artikel_berita_media_artikel_berita_slug`) values 
(1,'media_artikel_berita-2020-09-09-18:02:36-0.png',1,'berita-mantap'),
(2,'media_artikel_berita-2020-09-09-18:02:36-1.png',1,'berita-mantap'),
(3,'media_artikel_berita-2020-09-09-18:02:36-2.png',1,'berita-mantap'),
(4,'media_artikel_berita-2020-09-09-18:03:17-0.png',2,'berita-mantap-mantap'),
(5,'media_artikel_berita-2020-09-09-18:03:17-1.png',2,'berita-mantap-mantap'),
(6,'media_artikel_berita-2020-09-09-18:03:17-2.png',2,'berita-mantap-mantap'),
(7,'media_artikel_berita-2020-09-10-05:31:21-0.png',3,'penelitian-covid'),
(8,'media_artikel_berita-2020-09-10-05:31:21-1.png',3,'penelitian-covid'),
(9,'media_artikel_berita-2020-09-10-05:31:40-0.png',4,'studi-kasus'),
(10,'media_artikel_berita-2020-09-10-05:31:40-1.png',4,'studi-kasus'),
(11,'media_artikel_berita-2020-09-10-05:31:41-2.png',4,'studi-kasus'),
(12,'media_artikel_berita-2020-09-28-13:48:53-0.jpg',5,'dekranasda-serahkan-bantuan-csr-pt-pln-berupa-peralatan-bagi-pengrajin-di-kabupaten-gianyar'),
(13,'media_artikel_berita-2020-09-28-13:49:35-0.jpg',6,'jelang-galungan-pgrkb-pemkab-gianyar-raup-penjualan-rp500-juta-lebih'),
(14,'media_artikel_berita-2020-09-28-13:50:22-0.jpg',7,'kader-pkk-gianyar-dilatih-membuat-face-shield'),
(15,'media_artikel_berita-2020-09-28-13:50:54-0.jpg',8,'bupati-mahayastra-bagikan-sembako-kepada-warga-tercecer'),
(16,'media_artikel_berita-2020-09-28-13:51:43-0.jpg',9,'gairahkan-kembali-seni-budaya-yayasan-bina-wisata-gelar-lomba-busana-secara-virtual'),
(17,'media_artikel_berita-2020-09-28-13:52:29-0.jpg',10,'ketua-tppkk-bali-resmikan-percontohan-hatinya-pkk-dan-rumah-kreatif-di-kabupaten-gianyar'),
(18,'media_artikel_berita-2020-09-28-13:53:04-0.jpg',11,'membandel-pabrik-tahu-tempe-disegel-satpol-pp'),
(19,'media_artikel_berita-2020-09-28-13:53:46-0.jpg',12,'pengibaran-bendera-di-udara-meriahkan-peringatan-hut-ri-di-kabupaten-gianyar'),
(20,'media_artikel_berita-2020-09-28-13:55:56-0.jpg',13,'atraksi-udara-paramotor-meriahkan-hut-kemerdekaan-ri-di-gianyar'),
(21,'media_artikel_berita-2020-09-28-13:56:26-0.jpg',14,'sekda-wisnu-wijaya-tinjau-persiapan-bali-revival-2020'),
(22,'media_artikel_berita-2020-09-28-13:57:02-0.jpg',15,'ketua-k3s-kabupaten-gianyar-serahkan-bantuan-paket-sembako-bagi-lansia'),
(23,'media_artikel_berita-2020-09-28-14:20:12-0.jpg',16,'tercepat-dprd-dan-bupati-gianyar-bahas-kua-ppas-perubahan-2020-dan-kua-ppas-2021-dalam-sehari'),
(24,'media_artikel_berita-2020-09-28-14:20:41-0.jpg',17,'dekranasda-gianyar-petakan-potensi-kerajinan-di-kabupaten-gianyar'),
(25,'media_artikel_berita-2020-09-28-14:21:11-0.jpg',18,'tingkatkan-sinergitas-kejari-gianyar-dan-pd-bpr-werdhi-sedana-tandatangani-mou'),
(26,'media_artikel_berita-2020-09-28-14:22:11-0.jpg',19,'bupati-mahayastra-bersama-ketua-tppkk-serahkan-bantuan'),
(27,'media_artikel_berita-2020-09-28-14:22:51-0.jpg',20,'han-2020-di-gianyar-anak-anak-harus-gembira'),
(28,'media_artikel_berita-2020-09-28-14:23:24-0.jpg',21,'sambut-hari-konservasi-alam-nasional-sekda-wisnu-wijaya-pimpin-pelepasliaran-10-ribu-tukik-di-pantai-saba'),
(29,'media_artikel_berita-2020-09-28-14:23:58-0.jpg',22,'pemkab-gianyar-launching-pasar-gotong-royong-krama-bali'),
(30,'media_artikel_berita-2020-09-28-14:24:24-0.jpg',23,'bupati-mahayastra-tandatangani-prasasti-pura-mrajan-anyar'),
(31,'media_artikel_berita-2020-09-28-14:24:51-0.jpg',24,'ny-surya-adnyani-mahayastra-serahkan-bantuan-sembako-tahap-ii-bagi-kader-pkk'),
(32,'media_artikel_berita-2020-09-28-14:25:17-0.jpg',25,'safari-gemarikan-kkp-ri-di-subak-pulagan'),
(33,'media_artikel_berita-2020-09-28-14:28:13-0.jpg',26,'peringati-hari-jadi-mahasiswa-ti-unud-bagikan-sembako'),
(34,'media_artikel_berita-2020-11-25-04:55:33-0.jpg',27,'gianyar-kota-pusaka-konsep-filosofi-dan-manfaat-untuk-jagadhita');

/*Table structure for table `ref_galeri_media` */

DROP TABLE IF EXISTS `ref_galeri_media`;

CREATE TABLE `ref_galeri_media` (
  `galeri_media_id` bigint(20) NOT NULL AUTO_INCREMENT,
  `galeri_media_media` varchar(255) DEFAULT NULL,
  `galeri_media_galeri_id` bigint(20) DEFAULT NULL,
  `galeri_media_jenis` tinyint(4) DEFAULT NULL COMMENT '0=foto, 1=video',
  `galeri_media_galeri_slug` varchar(255) DEFAULT NULL,
  PRIMARY KEY (`galeri_media_id`)
) ENGINE=InnoDB AUTO_INCREMENT=67 DEFAULT CHARSET=utf8mb4;

/*Data for the table `ref_galeri_media` */

insert  into `ref_galeri_media`(`galeri_media_id`,`galeri_media_media`,`galeri_media_galeri_id`,`galeri_media_jenis`,`galeri_media_galeri_slug`) values 
(30,'foto_galeri-2020-12-16-15:19:20-0.jpg',12,0,'kumpulan-foto-pameran-produk-unggulan-umkm-dan-pertanian'),
(31,'foto_galeri-2020-12-16-15:19:20-1.jpg',12,0,'kumpulan-foto-pameran-produk-unggulan-umkm-dan-pertanian'),
(32,'foto_galeri-2020-12-16-15:19:20-2.jpg',12,0,'kumpulan-foto-pameran-produk-unggulan-umkm-dan-pertanian'),
(33,'foto_galeri-2020-12-16-15:21:01-0.jpg',13,0,'kumpulan-foto-apel-hut-korpri-ke-43'),
(34,'foto_galeri-2020-12-16-15:21:01-1.jpg',13,0,'kumpulan-foto-apel-hut-korpri-ke-43'),
(35,'foto_galeri-2020-12-16-15:21:01-2.jpg',13,0,'kumpulan-foto-apel-hut-korpri-ke-43'),
(36,'foto_galeri-2020-12-16-15:21:01-3.jpg',13,0,'kumpulan-foto-apel-hut-korpri-ke-43'),
(37,'foto_galeri-2020-12-16-15:21:32-0.jpg',14,0,'kumpulan-foto-gianyar-sebagai-daerah-tertib-ukur'),
(38,'foto_galeri-2020-12-16-15:21:32-1.jpg',14,0,'kumpulan-foto-gianyar-sebagai-daerah-tertib-ukur'),
(39,'foto_galeri-2020-12-16-15:22:04-0.jpg',15,0,'kumpulan-foto-bupati-tinjau-pencairan-pkh'),
(40,'foto_galeri-2020-12-16-15:22:04-1.jpg',15,0,'kumpulan-foto-bupati-tinjau-pencairan-pkh'),
(41,'foto_galeri-2020-12-16-15:22:38-0.jpg',16,0,'kumpulan-foto-penghargaan-wajib-pajak'),
(42,'foto_galeri-2020-12-16-15:22:38-1.jpg',16,0,'kumpulan-foto-penghargaan-wajib-pajak'),
(43,'foto_galeri-2020-12-16-15:22:38-2.jpg',16,0,'kumpulan-foto-penghargaan-wajib-pajak'),
(44,'foto_galeri-2020-12-16-15:22:38-3.jpg',16,0,'kumpulan-foto-penghargaan-wajib-pajak'),
(45,'foto_galeri-2020-12-16-15:22:38-4.jpg',16,0,'kumpulan-foto-penghargaan-wajib-pajak'),
(46,'foto_galeri-2020-12-16-15:22:38-5.jpg',16,0,'kumpulan-foto-penghargaan-wajib-pajak'),
(53,'foto_galeri-2020-12-16-15:31:48-0.JPG',19,0,'video-udara-kota-gianyar-bali-2019'),
(54,'foto_galeri-2020-12-16-15:32:23-0.JPG',20,0,'tabuh-penyiram-styl-sidan-gianyar'),
(57,'https://www.youtube.com/watch?v=XUh5UYDzsyY',20,1,'tabuh-penyiram-styl-sidan-gianyar'),
(58,'https://www.youtube.com/watch?v=ONg2oiF-pm4',20,1,'tabuh-penyiram-styl-sidan-gianyar'),
(62,'foto_galeri-2020-12-16-15:35:59-0.JPG',22,0,'pkb2019-gk-dewasa-duta-kabgianyar-tabuh-kreasi-bajradara'),
(63,'https://www.youtube.com/watch?v=9K7b9xvoyKA',22,1,'pkb2019-gk-dewasa-duta-kabgianyar-tabuh-kreasi-bajradara'),
(64,'ONg2oiF-pm4',19,1,'video-udara-kota-gianyar-bali-2019'),
(65,'L0Rs_TXrDQk',19,1,'video-udara-kota-gianyar-bali-2019'),
(66,'5FgUdNf7WDY',19,1,'video-udara-kota-gianyar-bali-2019');

/*Table structure for table `ref_jabatan_bupati` */

DROP TABLE IF EXISTS `ref_jabatan_bupati`;

CREATE TABLE `ref_jabatan_bupati` (
  `jabatan_bupati_id` int(11) NOT NULL AUTO_INCREMENT,
  `jabatan_bupati_nama` varchar(255) DEFAULT NULL,
  `jabatan_bupati_foto` varchar(255) DEFAULT NULL,
  `jabatan_bupati_masa_jabatan` varchar(255) DEFAULT NULL,
  `jabatan_bupati_tanggal` date DEFAULT NULL,
  `jabatan_bupati_user_id` bigint(20) DEFAULT NULL,
  PRIMARY KEY (`jabatan_bupati_id`)
) ENGINE=InnoDB AUTO_INCREMENT=15 DEFAULT CHARSET=utf8mb4;

/*Data for the table `ref_jabatan_bupati` */

insert  into `ref_jabatan_bupati`(`jabatan_bupati_id`,`jabatan_bupati_nama`,`jabatan_bupati_foto`,`jabatan_bupati_masa_jabatan`,`jabatan_bupati_tanggal`,`jabatan_bupati_user_id`) values 
(4,'A. A. Gde Oka','a-a-gde-oka-20201216-141253.png','1950 - 1958, 1958 - 1960','2020-12-16',NULL),
(5,'Tjokorda Ngurah','tjokorda-ngurah-20201216-141211.png','1960 - 1963','2020-12-16',NULL),
(6,'Tjokorda Dalem Pudak','tjokorda-dalem-pudak-20201216-141229.png','1963 - 1964','2020-12-16',NULL),
(7,'I Made Sayoga, BA','i-made-sayoga-ba-20201216-141247.png','1964 - 1965','2020-12-16',NULL),
(8,'I Made Kembar Kerepun','i-made-kembar-kerepun-20201216-141205.png','1965 - 1969','2020-12-16',NULL),
(9,'A. A. Gde Putra, SH','a-a-gde-putra-sh-20201216-141223.png','1969 - 1983','2020-12-16',NULL),
(10,'Tjokorda Raka Dherana, SH','tjokorda-raka-dherana-sh-20201216-141243.png','1983 - 1993   ','2020-12-16',NULL),
(11,'Tjok Budi Suryawan','tjok-budi-suryawan-20201216-141201.png','1993 - 2003   ','2020-12-16',NULL),
(12,'A. A. G. Agung Bharata, SH','a-a-g-agung-bharata-sh-20201216-141205.png','2003 - 2008','2020-12-16',NULL),
(13,'ir. Tjokorda Oka Artha Ardhana Sukawati, M.Si','ir-tjokorda-oka-artha-ardhana-sukawati-msi-20201216-141235.png','2008 - 2013','2020-12-16',NULL),
(14,'A. A. G. Agung Bharata, SH','a-a-g-agung-bharata-sh-20201216-141253.png','2013-2018','2020-12-16',NULL);

/*Table structure for table `ref_jenis_laporan` */

DROP TABLE IF EXISTS `ref_jenis_laporan`;

CREATE TABLE `ref_jenis_laporan` (
  `jenis_laporan_id` int(11) NOT NULL AUTO_INCREMENT,
  `jenis_laporan_nama` varchar(255) DEFAULT NULL,
  PRIMARY KEY (`jenis_laporan_id`)
) ENGINE=InnoDB AUTO_INCREMENT=17 DEFAULT CHARSET=utf8mb4;

/*Data for the table `ref_jenis_laporan` */

insert  into `ref_jenis_laporan`(`jenis_laporan_id`,`jenis_laporan_nama`) values 
(11,'LAKIP'),
(12,'Perjanjian Kinerja'),
(13,'Rencana Aksi'),
(14,'RENSTRA'),
(15,'RENJA'),
(16,'IKU');

/*Table structure for table `ref_narahubung` */

DROP TABLE IF EXISTS `ref_narahubung`;

CREATE TABLE `ref_narahubung` (
  `narahubung_id` int(11) NOT NULL AUTO_INCREMENT,
  `narahubung_email` varchar(255) DEFAULT NULL,
  `narahubung_telp` varchar(100) DEFAULT NULL,
  `narahubung_fax` varchar(100) DEFAULT NULL,
  `narahubung_alamat` varchar(255) DEFAULT NULL,
  PRIMARY KEY (`narahubung_id`)
) ENGINE=InnoDB AUTO_INCREMENT=2 DEFAULT CHARSET=utf8mb4;

/*Data for the table `ref_narahubung` */

insert  into `ref_narahubung`(`narahubung_id`,`narahubung_email`,`narahubung_telp`,`narahubung_fax`,`narahubung_alamat`) values 
(1,'ceking@gmail.com','0813212312312','0361213123123','br.sida');

/*Table structure for table `ref_sub_domain` */

DROP TABLE IF EXISTS `ref_sub_domain`;

CREATE TABLE `ref_sub_domain` (
  `sub_domain_id` int(11) NOT NULL AUTO_INCREMENT,
  `sub_domain_link` varchar(255) DEFAULT NULL,
  `sub_domain_deskripsi` varchar(255) DEFAULT NULL,
  `sub_domain_user_id` bigint(20) DEFAULT NULL,
  PRIMARY KEY (`sub_domain_id`)
) ENGINE=InnoDB AUTO_INCREMENT=11 DEFAULT CHARSET=utf8mb4;

/*Data for the table `ref_sub_domain` */

insert  into `ref_sub_domain`(`sub_domain_id`,`sub_domain_link`,`sub_domain_deskripsi`,`sub_domain_user_id`) values 
(1,'gianyarkab.go.id/','Website resmi kabupaten gianyar',NULL),
(3,'http://bappeda.gianyarkab.go.id/','	\r\nBadan Perencanaan Pembangunan Daerah dan Litbang',NULL),
(4,'	http://diparda.gianyarkab.go.id/','Dinas Pariwisata',NULL),
(5,'http://dinaspmd.gianyarkab.go.id/','Dinas Pemberdayaan Masyarakat dan Desa',NULL),
(6,'	http://inspektorat.gianyarkab.go.id/','Inspektorat',NULL),
(7,'http://disdukcapil.gianyarkab.go.id/','Dinas Kependudukan dan Pencatatan Sipil',NULL),
(8,'http://dpmptsp.gianyarkab.go.id/','Dinas Penanaman Modal dan Pelayanan Terpadu Satu Pintu',NULL),
(9,'https://rsudsanjiwani.gianyarkab.go.id/','Rumah Sakit Umum Daerah SANJIWANI Gianyar',NULL),
(10,'www.pemdaGianyar.com','website dari pemda gianyar',NULL);

/*Table structure for table `ta_artikel_berita` */

DROP TABLE IF EXISTS `ta_artikel_berita`;

CREATE TABLE `ta_artikel_berita` (
  `artikel_berita_id` int(11) NOT NULL AUTO_INCREMENT,
  `artikel_berita_judul` varchar(255) DEFAULT NULL,
  `artikel_berita_isi` text,
  `artikel_berita_tanggal` date DEFAULT NULL,
  `artikel_berita_user_id` bigint(20) DEFAULT NULL,
  `artikel_berita_jenis` tinyint(4) DEFAULT NULL COMMENT '0=artikel, 1=berita',
  `artikel_berita_slug` varchar(255) DEFAULT NULL,
  PRIMARY KEY (`artikel_berita_id`)
) ENGINE=InnoDB AUTO_INCREMENT=28 DEFAULT CHARSET=utf8mb4;

/*Data for the table `ta_artikel_berita` */

insert  into `ta_artikel_berita`(`artikel_berita_id`,`artikel_berita_judul`,`artikel_berita_isi`,`artikel_berita_tanggal`,`artikel_berita_user_id`,`artikel_berita_jenis`,`artikel_berita_slug`) values 
(1,'berita mantap','<p>Ada beberapa kondisi dimana kita harus membatasi jumlah kata atau karakter pada website kita. Seperti contohnya pada thumbnail blog saya ini saya membatasi jumlah kata yaitu hanya maksimal 20 kata saja agar konten pada thumbnail tidak terlalu panjang dan tampilan menjadi lebih rapih. Untuk kasus ini kita punya beberapa opsi yang bisa kita gunakan yaitu dengan cara php biasa dan dengan cara codeigniter yaitu menggunakan Text Helper.&nbsp;<br />\nKali ini saya akan coba beri contoh untuk masing-masing cara yang bisa digunakan. Perhatikan contoh berikut</p>\n','2020-09-09',NULL,1,'berita-mantap'),
(2,'berita mantap mantap','<p>ketika berita&nbsp;</p>\n','2020-09-09',NULL,1,'berita-mantap-mantap'),
(3,'penelitian covid','<p>Ada beberapa kondisi dimana kita harus membatasi jumlah kata atau karakter pada website kita. Seperti contohnya pada thumbnail blog saya ini saya membatasi jumlah kata yaitu hanya maksimal 20 kata saja agar konten pada thumbnail tidak terlalu panjang dan tampilan menjadi lebih rapih. Untuk kasus ini kita punya beberapa opsi yang bisa kita gunakan yaitu dengan cara php biasa dan dengan cara codeigniter yaitu menggunakan Text Helper.&nbsp;<br />\nKali ini saya akan coba beri contoh untuk masing-masing cara yang bisa digunakan. Perhatikan contoh berikut</p>\n','2020-09-10',NULL,0,'penelitian-covid'),
(4,'studi kasus','<p>Ada beberapa kondisi dimana kita harus membatasi jumlah kata atau karakter pada website kita. Seperti contohnya pada thumbnail blog saya ini saya membatasi jumlah kata yaitu hanya maksimal 20 kata saja agar konten pada thumbnail tidak terlalu panjang dan tampilan menjadi lebih rapih. Untuk kasus ini kita punya beberapa opsi yang bisa kita gunakan yaitu dengan cara php biasa dan dengan cara codeigniter yaitu menggunakan Text Helper.&nbsp;<br />\nKali ini saya akan coba beri contoh untuk masing-masing cara yang bisa digunakan. Perhatikan contoh berikut</p>\n','2020-09-10',NULL,0,'studi-kasus'),
(5,'Dekranasda Serahkan Bantuan CSR PT. PLN Berupa Peralatan Bagi Pengrajin Di Kabupaten Gianyar','<p>Untuk menggairahkan kembali IKM/ UMKM terutama tenun dan kayu di Kabupaten Gianyar, &nbsp;Dekranasda Kabupaten Gianyar melalui CSR dengan PLN, memberikan bantuan peralatan dan peningkatan kapasitas pada kelompok Tenun Cagcag Merak Mas Banjar Pengembungan Pejeng Kangin Tampaksiring dan KUB Garuda Kencana Banjar Pakudui Kedisan Tegallalang.</p>\n\n<p>Bantuan berupa peralatan tenun cagcag dan peralatan pengolahan kayu diserahkan oleh Asisten 1 Setda Kabupaten Gianyar I Wayan Suardana, didampingi oleh GM PT PLN Unit Induk Distribusi Bali Adi Priyanto, Manager UP3 Bali Timur Edi Cahyono, Manager ULP Gianyar Billy Ramadhana, Ketua Harian Dekranasda Kabupaten Gianyar Luh Gede Eka Suary dan para Kepala Bidang Dekranasda Kabupaten Gianyar, di Halaman Belakang Kantor Bupati Gianyar, Rabu (23/9).</p>\n\n<p>Asisten 1 Wayan Suardana saat membacakan sambutan Bupati Gianyar mengucapkan terimakasih pada PT. PLN karena telah ikut peduli pada perkembangan industri kerajinan di Kabupaten Gianyar. Apalagi di tengah pandemi covid 19, banyak dari pengrajin kita yang mati suri bahkan tidak sedikit yang gulung tikar. Hal ini paling banyak diakibatkan penurunan permintaan barang kerajinan.</p>\n\n<p>Banyak upaya telah dilakukan oleh Pemkab Gianyar bersama Dekranasda Kabupaten Gianyar untuk membangkitkan kembali pengrajin di Gianyar. Salah satunya adalah melakukan kegiatan bimtek pembuatan masker, pameran pasar gotong royong, kunjungan dan pembinaan&nbsp; ke pengrajin dan&nbsp; penyerahan berbagai bantuan pada para pengrajin seperti beras dan masker pada 1200 perajin terdampak sebanyak 30 ton beras dan 10.000 masker. Tidak hanya itu, menurut Wayan Suardana, Pemkab Gianyar melalui Dekranasda bekerjasama dengan PLN menyerahkan bantuan berupa peralatan tenun cagcag pada Kelompok Tenun Merak Mas Banjar Pengembungan Desa Pejeng Kangin Tampaksiring dan peralatan pengolahan kayu kepada KUB Garuda Kencana Banjar Pakudui Desa Kedisan, Kecamatan Tegallalang masing- masing senilai Rp.70 Juta.</p>\n\n<p>&ldquo;Saya harap kedepannya sinergitas ini tetap berlanjut secara berkesinambungan untuk memfasilitasi IKM di Kabupaten Gianyar dan sekaligus kelompok pengrajin&nbsp; ini dapat menjadi mitra binaan PLN. Dan para pengrajin penerima bantuan, saya harap peralatan ini dapat dimanfaatkan semaksimal mungkin untuk kepentingan bersama,&rdquo; kata Wayan Suardana.</p>\n\n<p>Sementara itu GM PT PLN Unit Induk Distribusi Bali Adi Priyanto menyatakan, merupakan suatu kewajiban bagi PT PLN untuk membantu masyarakat sekitar. Dalam hal ini pemberian CSR yang akan kami serahkan pada para pengrajin di Kabupaten Gianyar melalui Bupati Gianyar. Semoga bantuan ini dapat mensejahterakan para pengrajin di Kabupaten Gianyar. Menurut Adi Priyanto&nbsp; pada tahun 2020 ini total bantuan CSR yang diserahkan sebesar Rp.2,1 miliar yang &nbsp;hingga triwulan ke III tahun 2020 sudah tersalurkan sebanyak Rp. 1,7 miliar atau 84 persen dari target.</p>\n\n<p>Pada kesempatan ini PLN &nbsp;memberikan dua buah bantuan dari dana CSR yang ada berupa alat dan pelatihan tenun ada kelompok tenun Merak Mas di Banjar Pengembungan dan bantuan mesin dan pelatihan pada pada KUB Garuda Mas.</p>\n\n<p>&ldquo; Kami berharap bantuan ini dapat meningkatkan kemampuan bekerja bahkan dapat lebih menghasilkan dari sisi ekonomi, sehingga tujuan kami pun tercapai yaitu meningkatkan kesejahteraan masyarakat sekitar,&rdquo; tegas Adi Priyanto.</p>\n\n<p>Ditambahkan oleh Kepala Badan Balai Diklat Industri Denpasar, Agus Kurniawan menyatakan bahwa pihaknya merupakan satu-satu Satker di bawah Kementerian Perindustrian RI,. Jadi lewat acara ini pihaknya bisa lebih bersinergi lagi dengan pihak Kabupaten. Pihaknya mempunyai anggaran yang cukup untuk menyelenggarakan pelatihan animasi dan kerajinan. Jadi setelah ini diharapkan dengan ada CSR ini lebih banyak bisa diberikan pelatihan-pelatihan bagi para pengrajin. Kominfo/Eni</p>\n','2020-09-28',NULL,0,'dekranasda-serahkan-bantuan-csr-pt-pln-berupa-peralatan-bagi-pengrajin-di-kabupaten-gianyar'),
(6,'Jelang Galungan, PGRKB Pemkab. Gianyar Raup Penjualan Rp.500 juta Lebih','<p>Momen pelaksanaan Pasar Gotong Royong Krama Bali (PGRKB) yang dilaksanakan Pemkab Gianyar kali kedua ini dirasa sangat tepat. Pasalnya, beberapa hari lagi umat Hindu akan melaksanakan Hari Raya Galungan. PGRKB yang digelar di halaman Kantor Bupati Gianyar dan GOR Kebo Iwa, pada Jumat (11/9) cukup membludak.</p>\n\n<p>Pada pasar gotong royong krama Bali kali ini, berhasil memperoleh penjualan senilai Rp.513.877.000 yang merupakan pesanan dari semua OPD Pemkab Gianyar. Seperti dijelaskan oleh Kadis Perindag Kabupaten Gianyar Luh Gede Eka Suary, hasil penjualan yang didapat pada pasar gotong royong kali ini cukup besar, lebih dari Rp.500 juta. Ini menunjukan bahwa apa yang dijual dalam pasar gotong royong memang dibutuhkan dan harganya tidak lebih mahal dari harga di pasaran.</p>\n\n<p>Dijelaskan lebih lanjut, komoditi &nbsp;yang dijual masih sama dengan bulan lalu hanya kali ini ditambah kebutuhan sandang seperti kain endek, kebaya, udeng dan beberapa produk lainnya.&nbsp; Selain di halaman kantor Bupati Gianyar dan di GOR Kebo Iwa, PGRKB juga diadakan di Bank BPD Bali Cabang Gianyar. Selain BPD Bali, PLN juga ikut berpartisipasi dengan mengadakan sosialisasi pada masyarakat sekiranya ada yang ingin menambah daya listrik di masa pandemi, tidak akan dikenakan biaya yang tinggi.</p>\n\n<p>&ldquo; Jadi kali ini PGRKB kami adakan di 3 lokasi, khusus yang di GOR Kebo Iwa di bawah koordinasi Dinas Pendidikan Gianyar. Hal ini karena pesanan dari guru cukup banyak, dan guna mematuhi protokol kesehatan kita harus physical distancing makanya untuk guru di bawah koordinasi Dinas Pendidikan,&rdquo; jelas Eka Suary.</p>\n\n<p>Untuk kali ini jumlah jenis komoditi yang dijual ada 14 jenis, terdiri dari pangan segar dan berbagai produk olahan. Seperti paket buah-buahan, beras, sayur, ikan, keripik dan lain-lain dengan total pesanan 11.659 paket.&nbsp;Sedangkan IKM yang ikut berpartisipasi keseluruhan berjumlah 16 IKM, terdiri dari 11 IKM dari binaan Disperindag dan &nbsp;5 IKM dari binaan Dinas Koperasi dan UKM Gianyar. Beberapa dari IKM tersebut merupakan binaan dari Dekranasda Kabupaten Gianyar. Seperti tenun cagcag dari &nbsp;Desa Pengembungan Pejeng dan Tenun Putri Ayu Blahbatuh Gianyar. Dimana saat ini Ketua Dekranasda Kabupaten Gianyar Ny. Surya Adnyani Mahayastra tengah berupaya membangkitkan kembali tenun songket di Desa Pengembungan. Jadi melalui PGRKB Bali ini merupakan salah satu upaya untuk mengenalkan kembali di tengah masyarakat.</p>\n\n<p>&ldquo;Astungkara PGRKB di Gianyar sudah berjalan dengan baik, ini sesuai dengan arahan Bapak &nbsp;Bupati Gianyar agar kita membantu para pelaku IKM di tengah pandemi ini. Bahkan saya melihat animo para pegawai cukup tinggi untuk berbelanja langsung, terutama kebutuhan hari raya seperti kue, maupun buah-buahan,&rdquo; tambah Eka Suary.</p>\n\n<p>Salah satu pedagang, Jero Tirta asal Banjar Pekandelan Bedulu Gianyar, dengan komoditi jualan keripik sagu dan telur asin. Mungkin karena menjelang hari raya Galungan selain dari pesanan, yang membeli langsung keripik maupun telor asinnya secara langsung cukup banyak. Ia berharap PGRKB ini dapat terus berlangsung, karena pangsa pasar dari kalangan pegawai cukup bagus.</p>\n\n<p>Sementara itu Asisten 2 Setda Kabupaten Gianyar, I Made Suradnya mengatakan, PGRKB ini adalah untuk yang kedua kalinya dilaksanakan di Gianyar. Untuk saat ini dilaksanakan di 3 tempat, karena animonya sangat tinggi. Kalau yang diselenggarakan di halaman kantor Bupati Gianyar khusus untuk pegawai Pemda dan masyarakat, sedangkan yang di GOR Kebo Iwa khusus untuk melayani para guru mulai dari tingkat TK, SD hingga SMP.</p>\n\n<p>&ldquo;Saya mengucapkan banyak terimakasih pada para guru yang telah berpartisipasi pada PGRKB, karena dari total keseluruhan penjualan sebesar Rp. 513.877.000, sebanyak Rp. 487.115.000 merupakan total jumlah pesanan dari para guru,&rdquo; ujar Suradnya. Kominfo/eni</p>\n','2020-09-28',NULL,0,'jelang-galungan-pgrkb-pemkab-gianyar-raup-penjualan-rp500-juta-lebih'),
(7,'Kader PKK Gianyar, Dilatih Membuat Face Shield','<p>Gaya hidup di fase new normal, tidak boleh lepas dari masker, face shield, maupun hand sanitizer. Ketiga item ini sudah menjadi suatu keharusan digunakan masyarakat dalam upaya memutus mata rantai virus covid 19. Tingginya permintaan akan masker maupun face shield membuka peluang bisnis di masyarakat.</p>\n\n<p>Hal inilah yang disikapi oleh TP.PKK Kabupaten Gianyar, bekerjasama dengan Indonesia Power Bali Power Generation Unit mengadakan pelatihan pembuatan masker/ face shield bagi 50 orang pengurus TP.PKK Kabupaten, Ketua TP. PKK Kecamatan,&nbsp; kader Pokja II, Kader UP2K TP PKK Desa/Kelurahan BInaan tahun 2021 di Kabupaten Gianyar. Bertempat di Rumah Kreatif Museum Subak, pelatihan dibuka oleh Ketua TP.PKK Kabupaten Gianyar Ny. Surya Adnyani Mahayastra didampingi GM Indonesia Power Bali Power Generation Unit, Flavianus Erwin Putranto, Kadis DPMD Gianyar Dewa Ngakan Ngurah Adi, Kadis Sosial Gianyar A.A Putri Ari, dan wakil ketua I TP.PKK Kabupaten Gianyar Ny. Diana Dewi Agung Mayun, pada Senin (7/9).</p>\n\n<p>GM Indonesia Power, Flavianus Erwin Putranto pada kesempatan itu mengatakan, sangat senang karena diberikan kesempatan untuk ikut berkontribusi membantu warga Gianyar, meningkatkan keterampilan life skill khususnya di kalangan ibu-ibu PKK. Apalagi di masa fase new normal ini, kebutuhan akan face shield cukup besar dan dengan keterampilan ini diharapkan dapat membantu meningkatkan penghasilan masyarakat.</p>\n\n<p>Ketua TP.PKK Kabupaten Gianyar, Ny. Surya Adnyani Mahayastra juga mengucapkan banyak terimakasih pada Indonesia Power Bali karena telah banyak membantu pembangunan dan pemberdayaan masyarakat di Kabupaten Gianyar. Sebelum pelatihan ini, Indonesia Power Bali juga &nbsp;telah berkontribusi pada 2 kelompok binaan yaitu Ekowisata Lembu Putih dan Ekowisata Tukik Saba Asri.</p>\n\n<p>Pada masa pandemi ini, kata Ny. Surya Adnyani Mahayastra tidak dipungkiri perekonomian masyarakat terpuruk drastis. Melalui pelatihan- pelatihan seperti inilah TP.PKK Kabupaten Gianyar ingin memberikan motivasi bagi para kader PKK agar tidak hanya diam menunggu pandemi usai. Namun juga mampu melakukan kreativitas yang bermanfaat untuk dirinya sendiri maupun keluarga.</p>\n\n<p>&ldquo; Kita tidak boleh berdiam diri menunggu pandemi berlalu, tapi bagaimana kita mencoba bangkit dari keterpurukan dengan melihat berbagai peluang yang ada untuk membantu meningkatkan penghasilan keluarga,&rdquo; tegas Ny. Surya Adnyani Mahayastra.</p>\n\n<p>Untuk kedepannya, istri&nbsp; Bupati Gianyar Made Mahayastra berharap pelatihan ini dapat ditindaklanjuti baik secara perorangan maupun kelompok sehingga memberikan manfaat yang lebih.</p>\n\n<p>&ldquo;Kami juga akan mendorong kegiatan pelatihan yang lain dapat direncanakan dan dilaksanakan dengan menggunakan alokasi dana APBD, Dana Desa maupun CSR yang melibatkan seluruh kader PKK se-Kabupaten Gianyar,&rdquo; ujar Ny. Surya Adnyani Mahayastra.</p>\n\n<p>Selain pelatihan, pada kesempatan itu Ny. Surya Adnyani Mahayastra selaku ketua K3S Kabupaten Gianyar menyerahkan 5 buah kursi roda kepada para lansia yang terkena stroke dan sakit menahun.&nbsp; Bantuan kursi roda juga merupakan CSR dari Indonesia Power Bali Power Generation Unit sebanyak 10 unit. Kominfo/eni</p>\n','2020-09-28',NULL,0,'kader-pkk-gianyar-dilatih-membuat-face-shield'),
(8,'Bupati Mahayastra Bagikan Sembako Kepada Warga Tercecer','<p>Tunjukkan komitmen kepeduliannya kepada warga Gianyar,&nbsp;Pemkab Gianyar&nbsp;kembali memberikan &nbsp;bantuan sembako kepada masyarakat yang masih tercecer&nbsp;atau yang belum tersentuh bantuan sosial, baik itu bantuan dari pemerintah pusat maupun pemerintah daerah sebanyak 3.606 KK&nbsp;di jaba pura Samuan Tiga Bedulu, Jumat (28/8).&ldquo;Hari ini saya distribusikan lagi bantuan bagi masyarakat yang masih tercecer saat pembagian sebelumnya dikarenakan terkendala beberapa hal seperti, baru memiliki KK, ada yang tidak memperoleh bantuan stimulus setelah diverifikasi oleh Provinsi, serta adanya masyarakat yang dulunya dianggap mampu namun tetap membutuhkan bantuan dan diperbolehkan oleh Undang-undang,&rdquo;ujar Bupati Gianyar I Made Mahayastra.</p>\n\n<p>Pembagian bantuan Sembako yang dilakukan serentak hari ini di 7 Kecamatan se-Kabupaten Gianyar merupakan bentuk &nbsp;kebijakan dalam hal membantu masyarakat Gianyar yang terdampak Covid-19 untuk memenuhi kebutuhan sehari-harinya. &ldquo;Selain kebijakan untuk membantu masyarakat di tengah pandemi, pembagian bantuan sembako merupakan program strategis, sebagai salah satu wujud nyata saya sebagai&nbsp;Bupati Gianyar dalam membantu meringankan beban masyarakat Gianyar,&rdquo; imbuh Mahayastra.</p>\n\n<p>Terkait kebijakan pembagian sembako, Bupati Gianyar sebelumnya juga telah menyerahkan lebih dari 28.000 paket sembako kepada KK miskin di Gianyar. Awalnya Mahayastra meyakini bahwa jika ada yang tercecer tidak lebih dari 1000 orang. Untuk itu, Mahayastra kembali memerintahkan kepala desa untuk mendata kembali masyarakat Gianyar yang masih tercecer dan terverifikasi sebanyak 3.606 KK. &nbsp;&ldquo;Melihat keluhan masyarakat yang belum tersentuh bantuan, saya mengulang kembali membuat video yang saya sebar melalui akun resmi pemerintah daerah untuk kembali mendata jikalau ada saudara kita yang belum mendapat bantuan dan bukan dari ASN, TNI, POLRI, Pensiunan, Perangkat Desa serta bantuan lainnya yang bersumber dari pusat maupun daerah,&rdquo;tegasnya.</p>\n\n<p>Mahayastra menekankan untuk parameter atau ukuran seseorang layak menerima sembako sepenuhnya diserahkan kepada kepala desa dan kepala dusun. &ldquo;Untuk Parameter penerima bantuan sembako, saya berikan kepada Kades dan Kadus karena berbeda ukuran antara mapan di desa dengan di perkotaan sehingga saya suruh kadus kades mendata kembali,&rdquo;imbuhnya.</p>\n\n<p>Diakhir sambutannya, Mahayastra menghimbau kembali bagi warga Gianyar yang masih tercecer agar melapor langsung kepada bupati. &ldquo;Saya umumkan lagi sekali siapapun yang merasa tercecer belum juga menerima bantuan sekarang pendaftarannya bukan ke camat atau kades sekarang mendaftar ke bupati,&rdquo;tandasnya.</p>\n\n<p>Paket sembako yang dibagikan kepada masyarakat berisikan beras sebanyak 20 Kg, 2 kg Gula, 1Kg Kopi, 4 kaleng Susu, 5 buah Sabun mandi, dan 2 liter minyak Goreng. Semua bantuan yang diberikan kepada masyarakat merupakan barang yang dibeli dari masyarakat Gianyar atau produk hasil petani Gianyar terkecuali minyak dan sabun.&nbsp; Kominfo/abg</p>\n','2020-09-28',NULL,0,'bupati-mahayastra-bagikan-sembako-kepada-warga-tercecer'),
(9,'Gairahkan Kembali Seni Budaya, Yayasan Bina Wisata Gelar Lomba Busana Secara Virtual','<p>Untuk menggairahkan kembali semangat dan kreativitas masyarakat di masa pandemi, Yayasan Bina Wisata Kelurahan Ubud mengadakan lomba busana adat ke pura secara virtual. Penilaian dilakukan secara virtual di kantor Yayasan Bina Wisata Kelurahan Ubud, dengan juri Ketua TP.PKK Kabupaten Gianyar, Ny. Surya Adnyani Mahayastra, desainer Tjokorda Gde Abinanda Sukawati dan Cindy Yuliani, pada Kamis ( 27/8).</p>\n\n<p>Lomba diadakan dalam 3 kategori yaitu, kategori PKK diikuti oleh 20 orang peserta, remaja (pemudi) sebanyak 20 orang &nbsp;peserta, kategori anak-anak (putri) 20 orang peserta dan putra diikuti oleh 13 orang.&nbsp; Ketua Yayasan Bina Wisata Kelurahan Ubud, Tjokorda Gde Bayuputra Sukawati, menjelaskan lomba ini digelar untuk menggairahkan kembali semangat kreativitas yang selama masa pandemi cukup terpuruk. &quot;Melalui lomba busana ini kita harapkan ada giat-giat baru apalagi di bulan Agustus ini kita masih dalam suasana kemerdekaan,&quot; ujarnya.</p>\n\n<p>Untuk peserta kata Tjok. Bayuputra, mereka mengirimkan video singkat untuk dinilai. Itu bisa dilakukan &nbsp;di rumah masing-masing atau kumulatif di balai banjar. Yang penting yang menjadi latar peragaan busana adalah suasana adat Bali, &nbsp;karena salah satu persyaratan kami dari panitia adalah&nbsp; tempat yang memiliki background yang bernuansa adat Bali. Sedangkan untuk kriteria penilaian adalah keserasian busana, tata rias wajah dan rambut, harmonisasi gerak, ekspresi, etika dan estetika busana.</p>\n\n<p>Ditambahkan, karena pariwisata di Bali sudah mulai dibuka meski untuk domestik, menurut Tjok Bayuputra mungkin secara tidak langsung kegiatan ini bisa membangkitkan kembali pariwisata kita, khususnya di Ubud.&nbsp; Salah satunya adalah bagaimana kita membangkitkan kembali seni budaya kita melalui pakaian adat .</p>\n\n<p>&ldquo;Walaupun tidak ada proses langsung, tapi minimal dari semangat masyarakat dan taksu yang ada di masyarakat , itu akan kita bangkitkan lagi. Sudah mulai terlihat warna-warna lagi , karena kita kaitkan dengan kondisi beberapa bulan ke belakang, kita rasanya suram karena pandemi ini. Citra itu yang ingin kita ubah sekarang. Mulai kita adakan beberapa event dengan segala protokol kesehatan yang ketat, ini akan mulai kita bangkitkan satu persatu. Tapi kedepannya kita akan melihat suasana yang lebih hidup lagi, &ldquo; jelas Tjok Bayuputra.</p>\n\n<p>Peragaan busana dipilih, kata Tjok Putra, karena melihat situasi kita sekarang, dimana pihaknya ingin membangkitkan kembali keindahan di Bali. Dan salah satu simbol &nbsp;keindahan adalah wanita. Maka pihaknya mencoba menginterpretasikannya melalui lomba busana.&nbsp;&ldquo;Karena setelah kita&nbsp;rembugkan, lomba busana dirasa paling tepat&nbsp;menggambarkan&nbsp;kerinduan kita akan keindahan adat budaya Bali. Dan lagi lomba ini tentu tidak terlalu menghabiskan biaya, karena untuk busana adat ke pura dipastikan kita semua memiliki. Jadi tinggal memadupadankan nya,&rdquo; imbuhnya lagi.</p>\n\n<p>Sementara itu &nbsp;Ketua TP.PKK Kabupaten Gianyar, Ny. Surya Adnyani Mahayastra sangat mengapresiasi kegiatan lomba peragaan busana secara virtual yang dilaksanakan oleh Yayasan Bina Wisata Kelurahan Ubud.&nbsp; Tentu saat ini kita masih dalam suasana pandemi covid 19. Jadi ketika beranjak ke tatanan era Bali baru, inilah salah satu yang mereka lakukan dengan tetap melaksanakan kegiatan, namun dengan cara virtual. Dalam arti , meskipun dengan cara virtual tidak mengurangi makna. Suatu contoh dengan tema peragaan busana adat ke pura. Kenapa menggunakan tema busana adat ke pura, menurut istri Bupati Gianyar Made Mahayastra, tentunya kembali ke basic kita, kembali ke adat budaya kita. Apalagi di Ubud, yang merupakan destinasi wisata dunia.</p>\n\n<p>&ldquo;Ketika orang datang tentunya yang dilihat adalah secara keseluruhan, baik wisata alam, budaya, maupun wisata belanja. Namun yang perlu digaris bawahi disini adalah, kita mempunyai kelebihan yaitu taksu yang ada di Ubud. Kita harus terus mempertahankan adat dan budaya kita, sehingga taksu itu terus ada,&rdquo; tegas Ny. Surya Adnyani Mahayastra.</p>\n\n<p>Ny. Surya Adnyani Mahayastra menambahkan, &nbsp;kita sebagai orang tua harus terus mensosialisasikan pada generasi muda bagaimana berpakaian adat ke pura yang baik dan benar secara etika dan estetika. Kalau berpakaian kita semua bisa, tetapi bagaimana berpakaian yang benar itu yang perlu kita edukasi.&nbsp;</p>\n\n<p>&ldquo;Perbedaan pakaian adat ke pura dengan kita kondangan tentu jauh berbeda, dalam hal ini tentu ada aturan yang jelas, seperti menggunakan kain harus sampai mata kaki, pakaian yang digunakan tidak tembus pandang, dan rambut juga rapi. Bagi yang sudah dewasa atau menikah rambut harus dipusung tagel,&quot; jelasnya lagi.</p>\n\n<p>Kelebihan dari peragaan busana secara virtual ini mungkin dari hal biaya bisa ditekan, sosialisasi juga kita dapat. Mungkin kedepannya dalam tatanan era baru ini, mungkin kegiatan akan lebih banyak secara virtual. Sehingga yang dulunya kegiatan diadakan di suatu tempat dengan segala protokolernya, mungkin dengan ini segalanya bisa ditekan.&nbsp; Kominfo/eni</p>\n','2020-09-28',NULL,0,'gairahkan-kembali-seni-budaya-yayasan-bina-wisata-gelar-lomba-busana-secara-virtual'),
(10,'Ketua TP.PKK Bali, Resmikan Percontohan Hatinya PKK dan Rumah Kreatif di Kabupaten Gianyar','<p>Meski saat ini petani kita sudah banyak diringankan dengan adanya teknologi maupun mesin yang modern, namun kita harus tetap mempertahankan tradisi budaya kita sendiri. Traktor memang memudahkan dalam membajak sawah, namun kita harus tetap mempertahankan sapi, begitu juga dengan mesin tanam. Hal ini ditegaskan oleh Ketua TP.PKK Provinsi Bali, Ny. Putri Koster saat menyerahkan mesin alat tanam padi (tranplanter) dan mesin perontok gabah berupa 1 unit mesin power thresser untuk Subak Masceti.</p>\n\n<p>Pada kesempatan itu Ny. Putri Koster didampingi Bupati Gianyar Made Mahayastra, Wabup. A.A Gde Mayun dan Ketua TP.PKK Kabupaten Gianyar, Ny. Surya Adnyani Mahayastra juga meresmikan percontohan Taman Hatinya PKK di Rumah Bali, Rumah Kreatif dan Pengukuhan Sekaa Manyi Subak Masceti, di Kawasan Museum Subak Masceti, Jumat (21/8).</p>\n\n<p>Ny. Putri Koster sangat mengapresiasi langkah yang dilakukan Pemkab. Gianyar khususnya TP.PKK Kabupaten Gianyar dalam mengimplementasikan program-program PKK di tengah masyarakat. Ny. Putri Koster berharap ruang-ruang yang ada benar-benar dapat dimanfaatkan. Tidak hanya untuk wisatawan dari luar namun terutamanya untuk masyarakat kita belajar tentang budaya maupun alam di Bali. Bahkan istri Gubernur Bali Wayan Koster tersebut juga sangat mengagumi konsep rumah Bali yang sekaligus sebagai tempat lokasi taman Hatinya PKK. Dalam sekali kunjungan dirinya dapat melihat banyak hal. &nbsp;&nbsp;</p>\n\n<p>&ldquo;Khusus untuk program Hatinya PKK, saya ingin setiap rumah menerapkan Hatinya PKK. Kita sudah menyediakan bibit, dan saya akui Gianyar orang-orangnya seni sehingga dalam menata taman di rumahnya bisa sangat bagus sekali. Saya ingin di Gianyar bisa dijadikan contoh,&rdquo; kata Ny. Putri Koster.</p>\n\n<p>Sementara itu Ketua TP.PKK Kabupaten Gianyar, Ny. Surya Adnyani Mahayastra juga menjelaskan percontohan Taman Hatinya PKK memang sengaja di buat di rumah Bali&nbsp; di Kawasan Museum Subak. Ini sebagai suatu langkah terpadu dari TP.PKK Kabupaten Gianyar agar masyarakat atau wisatawan yang&nbsp; datang berkunjung bisa langsung mendapatkan semuanya. Mereka bisa mengenal tentang sejarah rumah adat tradisional &nbsp;Bali, sekaligus bisa belajar tentang tanaman, mengunjungi rumah kreatif dimana di dalamnya berisi berbagai produk kerajinan yang berasal dari kegiatan kelompok UP2K PKK desa/kelurahan dan juga hasil kerajinan UMKM binaan Dekranasda Kabupaten Gianyar yang dikelola secara mandiri oleh masyarakat.</p>\n\n<p>&nbsp;</p>\n\n<p>&ldquo;Kenapa di Rumah Bali, &nbsp;kami konsepkan dengan Hatinya PKK, rumah kreatif, bahkan ada tanaman hidroponik menjadi satu Kawasan di Museum Subak, karena kami ingin sebagai &nbsp;pusat edukasi atau pembelajaran juga pariwisata Pantai Masceti. Kami ingin menunjukkan bahwa gerakan kami sudah berjalan, tidak hanya di sini saja, namun seluruh masyarakat sudah bergerak,&rdquo; jelas Ny. Surya Adnyani Mahayastra.</p>\n\n<p>Khusus sekaa manyi, menurut Ny. Adnyani Mahayastra, ini lebih pada keinginan untuk menggairahkan kembali sekaa-sekaa manyi di wilayah Kabupaten Gianyar. Dengan dikukuhkannya sekaa manyi yang ada di Desa Medahan Kawasan Subak Masceti, diharapkan menghidupkan kembali sekaa yang kini hampir punah tergantikan oleh tenaga dari luar.</p>\n\n<p>Bupati Gianyar Made Mahayastra pada kesempatan itu menegaskan &nbsp;dengan dikukuhkannya sekaa manyi di kawasan Museum Subak Masceti ingin membuktikan bahwa pariwisata di Gianyar adalah pertanian, tanpa pertanian pariwisata di Bali tidak seperti sekarang ini. Bahkan kontribusi Gianyar dalam pertanian hampir surplus&nbsp;&nbsp;&nbsp;40 ribu ton beras .</p>\n\n<p>Bupati Mahayastra pun sangat memuji program Hatinya PKK yang merupakan program inovatif yang ternyata sangat terbukti membantu saat pandemik ini. Terutama dalam pemenuhan sumber gizi dan protein. Selain itu dari segi kesejahteraan keluarga juga dapat mengurangi beban keluarga dan dapat menghasilkan secara mandiri di halaman rumah. Kominfo/eni</p>\n','2020-09-28',NULL,0,'ketua-tppkk-bali-resmikan-percontohan-hatinya-pkk-dan-rumah-kreatif-di-kabupaten-gianyar'),
(11,'Membandel, Pabrik Tahu Tempe Disegel Satpol PP','<p>Setelah sekian kali melakukan pembinaan terhadap pabrik tahu tempe di Lingkungan Sema, Kelurahan Bitera, Gianyar bahkan sampai melayangkan Surat Peringatan (SP) 1 hingga SP 2 namun tak digubris oleh pemilik pabrik tahu tempe, Erawati, Rabu, (19/8/2020), Satpol PP Kabupaten Gianyar akhirnya bertindak tegas dengan melakukan penutupan.</p>\n\n<p><br />\nDipimpin langsung Kasat Pol PP Kabupaten Gianyar, Drs. I Made Watha bersama jajaran Satpol PP Provinsi Bali, Dinas Lingkungan Hidup Kabupaten Gianyar didampingi Bendesa Adat Bitera, Lurah Bitera, Kepala Lingkungan Sema melakukan penutupan dengan memasang papan penyegelan. Watha menjelaskan, pemberian sanksi terhadap pabrik tahu tempe tersebut mengacu pada Peraturan Kementerian Dalam Negeri (Permendagri) No 54 Tahun 2011 tentang Standar Operasional Prosedur (SOP) penjatuhan sanksi kepada perusahaan yang tidak memenuhi ketentuan yang berlaku. Serta melanggar Perda Kabupaten Gianyar No. 15 tahun 2015 tentang Ketertiban Umum, pasal 11,15 &amp; 19.</p>\n\n<p>&ldquo;Begitu SP 1, karena SP 1 itu tujuh hari. Setelah tujuh hari tidak dipenuhi, kita sidak lagi keluarlah SP 2 berlaku tiga hari, juga tidak memenuhi berbagai ketentuan sehingga keluarlah SP3 berupa penutupan secara resmi.&rdquo; imbuh Watha.</p>\n\n<p><br />\nWatha menambahkan, beberapa point penting yang dilanggar oleh pabrik tahu tempe tersebut, diantaranya pembuangan limbah ke sungai. Hal ini, mengakibatkan pencemaran lingkungan terlebih saat ini Pemkab Gianyar sangat konsen terhadap penataan lingkungan melalui program penataan taman. Dalam kurun waktu seminggu ini, pemilik pabrik diwajibkan untuk melakukan pembersihan terhadap tempat usahanya, namun jika tidak dilakukan akan diambil tindakan pembongkaran secara paksa.</p>\n\n<p><br />\nJero Bedesa Desa Adat Bitera, I Nyoman Sumantra mengatakan, berawal dari keluhan masyarakat baik dari warganya sendiri maupun dari luar desa bahwa keberadaan pabrik tahu ini menimbulkan pencemaran sungai sehingga menimbulkan bau yang sangat menyengat. Terlebih, di dekat pabrik tersebut merupakan campuhan yang sewaktu-waktu digunakan untuk kegiatan upakara agama. Beranjak dari hal tersebut, pihaknya menindaklanjuti dengan melakukan pelaporan secara langsung kepada pihak berwenang melalui kelurahan dan kecamatan dan Satpol PP Kabupaten Gianyar. Terkait langkah pembinaan terhadap pabrik tahu tempe tersebut, Sumantra mengatakan sudah melakukan pendekatan-pendekatan pembinaan secara langsung namun tetap tidak digubris oleh pemilik pabrik.</p>\n\n<p><br />\n&ldquo;Kami sudah bina, bahkan sudah sampai belasan tahun keberadaan pabrik ini tetapi tidak digubris. Sehingga secara tegas, kami tidak memperpanjang ijin dan tidak akan mengijinkan walau mengajukan ijin lagi,&rdquo; tegas Sumantra.</p>\n\n<p><br />\nSelain melakukan penutupan pabrik tahu tempe di Lingkungan Sema, Satpol PP Kabupaten Gianyar juga melakukan sidak ke pabrik tahu tempe di Lingkungan Batur Sari. Di pabrik tersebut, didapati pabrik tersebut tak memiliki ijin sehingga dihimbau untuk segera melengkapi ijin sesuai ketentuan yang berlaku. Hal yang sama juga didapati, di perusahaan furniture di wilayah Lingkungan Dauh Uma. Terakhir sidak dilakukan pada proyek pasar di sebelah utara Cap Togog. Petugas meminta untuk menghentikan sementara aktivitas proyek, karena pengelola tak mampu menunjukkan kelengkapan ijin yang harus dimiliki.</p>\n\n<p>&ldquo;Hari ini kita melakukan sidak di lima titik. Semua sifatnya pembinaan dulu. Kecuali pabrik tahu tempe di wilayah Lingkungan Sema. Dari tiga pabrik, satu kita lakukan penutupan, dua lagi masih tahap SP2. Jika tidak ada respon positif juga, kita juga akan lakukan penutupan pabrik tersebut,&rdquo; tegas Watha. IKP/Set</p>\n','2020-09-28',NULL,0,'membandel-pabrik-tahu-tempe-disegel-satpol-pp'),
(12,'Pengibaran Bendera di Udara Meriahkan Peringatan HUT RI di Kabupaten Gianyar','<p>Satu buah paramotor dengan membawa bendera ukuran 2x 6 M dan 1 buah paratrike membawa bendera ukuran 4 X 10 M tepat melintas diatas &nbsp;Kantor Bupati Gianyar. Bertepatan saat Bupati Gianyar Made Mahayastra selaku Inspektur Upacara memimpim penghormatan bendera, apel peringatan HUT Kemerdekaan RI ke -75 di halaman Kantor Bupati Gianyar, (17/8).</p>\n\n<p>Atraksi paramotor dan paratrike mengibarkan bendera merah putih di atas Kota Gianyar, merupakan salah satu kegiatan untuk memeriahkan peringatan RI di Kabupaten Gianyar di tengah masa pandemi. Bupati Mahayastra merasa bersyukur kita semua &nbsp;bisa mengikuti peringatan HUT RI dalam keadaan sehat. Namun khusus tahun ini peringatan hari jadi kemerdekaan ini ditengah-tengah pandemi covid 19. Walaupun secara nasional kita sudah berada dalam fase new normal, dan di Bali sudah mulai dibuka untuk kunjungan wisatawan domestik, namun kita harus tetap menerapkan proprokol kesehatan.</p>\n\n<p>&ldquo;Dan hari ini kita lihat jumlah peserta upacara sedikit, di mana dari TNI /Polri masing-masing 10 orang, ASN 10, forkopimda dan undangan kehormatan lainnya,&rdquo; jelas Bupati Mahayastra.</p>\n\n<p>Dan yang menarik lagi, bertepatan dengan apel masyarakat disuguhkan dengan atraksi udara pengibaran bendera merah putih par pilot dibawah naungan FASIDA dengan para pilot dengan paramotor dan paratrike mengibarkan bendera merah putih berputra mengelilingi Kota Gianyar. Ini menjadi tontonan yang sangat menarik bagi warga kota Gianyar.</p>\n\n<p>Ditambahkan, meski kali ini apel hanya diikuti oleh sedikit peserta tentu dengan tidak mengurangi rasa hormat, cinta kita dan rasa nasionalisme kita pada negara ini. Namun yang lebih penting kita tekankan setiap tahunnya adalah bagaimana kemerdekaan kita isi dengan hal-hal yang positif.&nbsp; Seperti &nbsp;yang pernah disampaikan &nbsp;oleh Presiden RI yang pertama RI Sukarno, yaitu membangun negara ini menjadi negara yang maju. Maka sudah menjadi tugas dan kewajiban kita membangun Gianyar ini&nbsp; menjadi daerah yang maju baik dari segi SDM , infrastruk dengan&nbsp; Pendidikan, Kesehatan dan lain-lainnya.</p>\n\n<p>&ldquo; Semua &nbsp;itu kita lakukan dengan bergotong royong bersama-sama tentunya kalau tidak didukung oleh seluruh masyarakat, tentu&nbsp; apa yang dilakukan oleh para pemimpinya, tidak akan berhasil dengan maksimal. Kabupaten Gianyar &nbsp;dalam 2 tahun belakangan &nbsp;ini lompatannya cukup besar dalam segala hal. Prestasi banyak kita raih. Mudah-mudahan pada saat kita merayakan hari Kemerdekaaan RI ke-76 tahun depan , kita mendapat tambahan banyak lagi prestasi-prestasi tingkat nasional,&rdquo; kata Bupati Mahayastra.</p>\n\n<p>Mahayastra juga mengingatkan, pada fase new normal ini kita sudah mulai harus beraktifitas, bahkan Gubernur Bali&nbsp; menginstruksikan daerah-daerah untuk terjun untuk mulai membangkitkan pariwisata, &nbsp;sehingga perputaran ekonomi itu ada.</p>\n\n<p>Sementara itu Ida Bagus Bayu Pramudia selaku&nbsp; Wakil ketua I Federasi Aerosport Indonesia Daerah Bali. Federasi Aero Sport Indonesia khususnya paramotor Indonesia melakukan kegiatan terbang melintasi kota Gianyar dengan paratripe membawa bendera ukuran 4 kali 10 M &nbsp;dan para motor membawa bendera ukuran 2 x 6 M.</p>\n\n<p>&ldquo;Kami sangat berterimakasih pada Pemerintah Kabupaten Gianyar khususnya Bupati Gianyar Made Mahayastra yang telah memfasilitasi dn membantu mensuport kegiatan pengibaran bendera terkait peringatan HUT RI di Kabupaten Gianyar,&rdquo; kata Ida Bagus Bayu Pramudia.</p>\n\n<p>Selain apel peringatan HUT RI di Lapangan Kantor Bupati Gianyar, &nbsp;juga dilakukan pemberian remisi bagi narapidana di Lapas Gianyar dan sehari sebelumnya (16/8) tengah malam juga dilakukan kegiatan renungan suci di Taman makam Pahlawan Kerta Kertya Mandala Gianyar. Kominfo/eni</p>\n','2020-09-28',NULL,0,'pengibaran-bendera-di-udara-meriahkan-peringatan-hut-ri-di-kabupaten-gianyar'),
(13,'Atraksi Udara Paramotor, Meriahkan HUT Kemerdekaan RI di Gianyar.','<p>Puncak peringatan Hari Kemerdekaan RI&nbsp; ke- 75 di Kabupaten Gianyar, akan dimeriahkan atraksi paramotor dan paratrike yang terbang sambil mengibarkan bendera merah putih diatas Kota Gianyar.</p>\n\n<p>&nbsp;</p>\n\n<p>Kepastian atraksi ini setelah dilakukan rapat akhir persiapan&nbsp; di Aerosport Keramas, Blahbatuh, Gianyar, Sabtu (15/8), yang dihadiri&nbsp; Danlanud I Gusti Ngurah Rai, Kolonel PNB Radar Soeharsono, pejabat terkait Pemkab Gianyar,&nbsp; Federasi Aero Sport Indonesia (FASIDA) Daerah Bali, dan para pilot paramotor dan paratrike.</p>\n\n<p>&nbsp;</p>\n\n<p>Dalam kesempatan itu, Bintara Pembina Angkasa (Babinsa) TNI Lanud, Putu Sudiarta menjelaskan, rencananya delapan paramotor dan dua Paratrike&nbsp; takeoff&nbsp; dari pantai Komune Keramas menuju Kota Gianyar bertepatan apel peringatan detik detik Proklamasi di halaman Kantor Bupati Gianyar selesai atau sekitar pukul 9.00 wita.&nbsp; Sampai di Kota Gianyar, para pilot yang berada dibawah naungan FASIDA ini akan berputar&nbsp; di atas lapangan Astina dan sekitarnya, kemudian&nbsp; melintas depan Kantor Bupati Gianyar, lanjut kembali menuju pantai Keramas.</p>\n\n<p>&nbsp;</p>\n\n<p>&quot;Masing masing paramotor dan paratrike ini terbang membawa bendera merah putih,&quot; jelas Putu Sudiarta.</p>\n\n<p>..&nbsp;</p>\n\n<p>Sementara Danlanud Kolonel PNB Radar Soeharsono menekankan kepada para pilot untuk mempersiapkan diri secara matang&nbsp; sehingga acara bisa sukses dan lancar.</p>\n\n<p>&quot;Kegiatan ini juga membawa dampak positif bagi pariwisata, terutama berpotensi mengembangkan&nbsp; wisata dirgantara di Bali,&quot;&nbsp; terangnya.</p>\n\n<p>&nbsp;</p>\n\n<p>Dia juga menegaskan, diperlukan sinergi dari semua pihak agar penerbangan bisa lancar, termasuk pelarangan tidak menaikkan layangan.</p>\n\n<p>&quot;Jika ada layangan sangat berbahaya bagi paramotor dan paratrike,&quot; ujarnya.</p>\n\n<p>&nbsp;Untuk itu dia mengharapkan dukungan Pemkab Gianyar&nbsp; agar mengimbau kepada masyarakat untuk tidak menaikkan layangan pada hari&nbsp; tersebut.</p>\n\n<p>&nbsp;</p>\n\n<p>Camat Blahbatuh dan Gianyar yang hadir pada saat itu&nbsp; mengatakan sudah mengirim surat ke desa dinas yang berisi imbauan agar masyarakat tidak menaikkan layangan pada tanggal 17 Agustus 2020.</p>\n\n<p>&quot;Surat larangan menaikkan layang layangan sudah dikirim ke masing masing desa dan kami akan melakukan pengecekan lagi agar imbauan ini benar benar dilakukan,&quot; ucap Camat Blahbatuh Ida Bagus Dharma Yudha. Kominfo/ww</p>\n','2020-09-28',NULL,0,'atraksi-udara-paramotor-meriahkan-hut-kemerdekaan-ri-di-gianyar'),
(14,'Sekda Wisnu Wijaya Tinjau Persiapan Bali Revival 2020','<p>Sekda Gianyar bersama tim Gugus Tugas Percepatan Penanganan (GTPP) Covid-19 &nbsp;Kabupaten Gianyar meninjau persiapan Bali Revival 2020 di Rooftop monkey forest Padang Tegal Ubud, Rabu ( 12/8). Bali Revival 2020 akan menggelar acara konser music selama 3 hari, mulai dari tanggal 15 hingga 17 Agustus dengan mengundang seniman lokal Bali.</p>\n\n<p>Sekda Gianyar Made Gede Wisnu Wijaya mengungkapkan peninjauannya ke lokasi untuk memastikan persiapan hingga puncak acara Bali Revival 2020 tetap menerapkan protokol kesehatan. Dalam tinjauannya, juga ditampilkan simulasi pada acara puncak, dimana mobil masuk ke area parkir monkey forest di sana dilakukan penyemprotan disinfektan. Kemudian mobil diarahkan naik ke area rooftop dimana acara akan dilaksanakan.</p>\n\n<p>Setelah sampai pada area rooftop akan diatur tata cara parkirnya untuk tetap bisa menjaga jarak.&nbsp; Jumlah penontonnya pun dibatasi dimana per hari hanya ada 70 mobil dengan jumlah orang maksimal 4 orang dalam mobil.</p>\n\n<p>&ldquo;Hari ini kita meninjau dan mengevaluasi, apa sudah sesuai dengan protokol kesehatan atau tidak, dan tadi kita lihat sudah memenuhi semua unsur-unsur protokol kesehatan,&rdquo;ujar Wisnu Wijaya.</p>\n\n<p>Ditambahkannya dalam rangka pemulihan ekonomi pemerintah harus berani mengambil sikap dengan memakai momentum Bali Revival 2020 untuk membuka perekonomian dari sektor pariwisata.</p>\n\n<p>&ldquo; Pada prinsipnya, pemerintah dalam rangka pemulihan ekonomi harus berani mengambil sikap dengan memakai momentum ini untuk membuka perekonomian dari sektor pariwisata. Karena kita tahu sektor pariwisata berkontribusi tinggi terhadap PAD kita di Gianyar yang mencapai 65%,&rdquo; imbuhnya.</p>\n\n<p>Wisnu Wijaya juga berharap dengan adanya Bali Revival 2020 dapat merangsang wisatawan untuk datang ke-Bali dan merangsang sektor lain untuk bangkit kembali. Dikatakannya pula bahwa Bali Revival 2020 ini akan dijadikan sebagai evaluasi atau membuat SOP terkait event selanjutnya yang serupa</p>\n\n<p>Sebelum puncak kegiatan, Wisnu Wijaya juga mengaku akan meninjau kembali sehari sebelum acara digelar untuk lebih memastikan penerapan protokol kesehatan pada event tersebut.</p>\n\n<p>Acara Bali Revival akan dilangsungkan selama 3 hari, dimana hari pertama akan dipersembahkan penampilan dari Manja Band, Dialog Dini Hari dan di Ubud and Band. Hari kedua juga dimeriahkan oleh seniman lokal Bali seperti Dek Ulik, Jun Bintang, dan Balawan. Pada hari terakhir juga digelar acara musik, yang menampilkan Lolot, The Hidrant dan Navicula. Tiket untuk menonton Bali Revival dibandrol dengan harga 400 ribu rupiah untuk satu mobil dalam satu harinya.&nbsp; Kominfo/abg</p>\n','2020-09-28',NULL,0,'sekda-wisnu-wijaya-tinjau-persiapan-bali-revival-2020'),
(15,'Ketua K3S Kabupaten Gianyar Serahkan Bantuan Paket Sembako Bagi Lansia','<p>Ketua Koordinator Kegiatan Kesejahteraan Sosial (K3S) Kabupaten Gianyar, Ny. Surya Adnyani Mahayastra, didampingi Kadis Sosial Kabupaten Gianyar, A.A Putri Ari menyerahkan bantuan paket sembako secara simbolis bagi kelompok senam lansia di 4 desa, di Kabupaten Gianyar di Pendopo Sekretariat Kantor TP.PKK Kabupaten Gianyar, Selasa (11/8).</p>\n\n<p>Kadis Sosial A.A Putri menjelaskan, paket sembako diserahkan untuk kelompok &nbsp;lansia yang ada di Desa Singapadu Tengah Sukawati, Desa Singakerta Ubud, Desa Puhu Payangan dan Desa Suwat Gianyar.&nbsp; Bantuan ini merupakan program rutin dari Dinas Sosial Kabupaten Gianyar, dimana setiap tahunnya &nbsp;menyasar para lansia produktif di masing-masing desa di Kabupaten Gianyar. Paket sembako berupa 50 Kg kacang hijau, 50 Kg gula dan 50 kotak susu.</p>\n\n<p>Sementara itu Ketua K3S, Ny. Surya Adnyani Mahayastra mengatakan, &nbsp;program ini sangat baik, karena PKK juga memiliki program terkait dengan lansia. Inilah yang diharapkan setiap kegiatan harus disinergikan satu dengan yang lainnya sehingga tidak menjadi tumpang tindih dan tepat sasaran. Dalam pandemi ini banyak sekali bantuan yang sudah diberikan baik oleh Bupati Gianyar Made Mahayastra, TP.PKK maupun CSR yang peduli dengan kesejahteraan masyarakat.&nbsp;</p>\n\n<p>&ldquo;Saya juga mengapresiasi perhatian para kepala desa pada lansia dengan membentuk kelompok senam lansia di wilayahnya masing-masing.&nbsp; Ini menandakan bahwa program baik dari kabupaten maupun desa betul- betul bersinergi berkesinambungan,&rdquo; ujar Ny. Surya Adnyani Mahayastra.</p>\n\n<p>Ditambahkan, menjadi tua adalah sebuah kepastian namun bagaimana kita membuat para lansia ini berdaya itu yang harus kita lakukan. Jangan membuat para orang tua kita ini merasa jompo tidak bisa melakukan aktivitas apapun di usia mereka. Justru menurut istri Bupati Mahayastra ini para lansia harus diberikan aktivitas yang sesuai dengan usia dan kondisi fisik mereka. Hal ini justru bisa menambah semangat hidup dan meningkatkan derajat kesehatannya. Misalkan saja kita di Bali, kita sering melihat orang tua mejejahitan, metanding banten dan beberapa aktivitas lainnya, justru itu dapat melatih daya ingat mereka dan membuat mereka merasa berharga karena tidak membebani anak cucunya.</p>\n\n<p>Program di &nbsp;TP.PKK tidak hanya memperhatikan bayi dari dalam kandungan saja, dengan memberikan bantuan PMT (pemberian makanan tambahan) bagi ibu hamil dan menyusui, namun juga secara menyeluruh mulai dari balita, remaja dan lansia. Ny. Surya Adnyani Mahayastra juga berharap agar program lansia di desa semakin ditingkatkan. Saat ini memasuki fase new normal, senam lansia harus mulai digiatkan lagi, namun tentu saja dengan mematuhi protokol kesehatan yang ketat. Karena dengan berolahraga dapat meningkatkan imunitas tubuh. Kominfo/eni&nbsp;&nbsp;</p>\n','2020-09-28',NULL,0,'ketua-k3s-kabupaten-gianyar-serahkan-bantuan-paket-sembako-bagi-lansia'),
(16,'Tercepat, DPRD dan Bupati Gianyar Bahas KUA-PPAS Perubahan 2020 dan KUA-PPAS 2021 dalam Sehari','<p>Badan Anggaran (Banggar) DPRD Kabupaten Gianyar menggelar rapat pembahasan perubahan Kebijakan Umum Anggaran - Prioritas Plafon Anggaran Sementara (KUA-PPAS) tahun 2020 dan KUA-PPAS 2021 bersama Eksekutif dan Tim Anggaran Pemerintah Daerah (TAPD) Kabupaten Gianyar, di ruang sidang kantor DPRD Gianyar, Senin (10/8/2020). Rapat yang diagendakan berlangsung dalam dua hari tersebut, ternyata dalam sehari telah berhasil dituntaskan secara marathon. Bahkan penandatanganan nota kesepakatan antara DPRD Gianyar dengan Bupati Gianyar telah ditandatangani oleh kedua belah pihak.</p>\n\n<p>&nbsp;</p>\n\n<p>Rapat dipimpin langsung Ketua DPRD Gianyar, Wayan Tagel Winarta didampingi Wakil Ketua I Gusti Ngurah Anom Masta dan Ida Bagus Gaga Adi Saputra, serta sejumlah anggota legislatif. Dari pihak eksekutif, hadir Bupati Gianyar Made Mahayastra didampingi ketua TAPD Made Gede Wisnu Wijaya bersama sejumlah kepala OPD. Ketua DPRD Tagel Winarta mengatakan pembahasan KUA-PPAS Perubahan 2020 dan KUA-PPAS 2021 memakan waktu lebih singkat dibandingkan yang dijadwalkan karena adanya kesepahaman dengan Bupati Mahayastra. &ldquo;Bapak Bupati bersama tim TAPD-nya sudah menjelaskan secara detail, lugas, tegas, dan menyeluruh terhadap rancangan-rancangan baik yang di-refocusing maupun program-program baru yang sangat prioritas,&rdquo; kata Tagel Winarta.</p>\n\n<p>&nbsp;</p>\n\n<p>Tagel Winarta mengatakan, pada pembahasan KUA-PPAS Perubahan 2020, usulan DPRD mengenai dana hibah atau bansos terkait penangan Covid-19 sudah disetujui untuk dicairkan. Program-program pembangunan juga tetap dijalankan, berdasarkan skala prioritas. Diharapkan program-program itu bisa menyentuh kepentingan masyarakat. &ldquo;Pembangunan tetap dijalankan, dana hibah juga tetap dibantu untuk mempercepat proses pemulihan ekonomi, pemberian bantuan sembako tahap III akan dilaksanakan oleh Bupati,&rdquo; kata Tagel Winarta. Ditambahkannya, untuk pembahasan APBD induk 2021 yang disampaikan Bupati Mahayastra, sudah dijelaskan secara terperinci, sehingga usulan itu pun telah disetujui. Direncanakan target pendapatan pada APBD 2021 dirancang sebesar 900 miliar lebih, lebih rendah dari target pendapatan yang dirancang sebesar 1 miliar lebih pada APBD 2020 ini.</p>\n\n<p>&nbsp;</p>\n\n<p>Terkait target pendapatan tersebut, Bupati Mahayastra mengatakan target pendapatan pada APBD 2021 dirancang dengan berpijak pada capaian pendapatan tahun ini. &ldquo;Sampai saat ini PAD kita tembus di 300-an miliar lebih, kas daerah sebesar 11 miliar, deposito sebesar 150 miliar, ditambah pinjaman-pinjaman, kami optimis dengan kondisi ini,&rdquo; jelas Bupati Mahayastra. Terungkap juga dari rapat Banggar tersebut, Bansos atau dana hibah yang terkait dengan piodalan dan ngaben yang tahun 2020 ini ditunda akibat pandemi, akan digulirkan kembali di tahun 2021. Terkait hal tersebut, masyarakat dipersilahkan untuk mulai mempersiapkan upacara piodalan, ngaben, dan upacara lainnya yang sempat tertunda. &ldquo;DPRD mengapresiasi apa yang dilaksanakan oleh Bapak Bupati, DPRD juga berterima kasih, mudah-mudahan antara penanggulangan covid dan pembangunan tetap lancar dengan tanpa mengurangi kegiatan yang prioritas sekaligus membantu masyarakat tetap berjalan sesuai harapan bersama,&rdquo; pungkas Tagel Winarta.&nbsp;Kominfo/IKP</p>\n','2020-09-28',NULL,1,'tercepat-dprd-dan-bupati-gianyar-bahas-kua-ppas-perubahan-2020-dan-kua-ppas-2021-dalam-sehari'),
(17,'Dekranasda Gianyar, Petakan Potensi Kerajinan di Kabupaten Gianyar','<p>Di masa sulit seperti ini, para pengrajin harus pintar-pintar membaca situasi. Kita tidak bisa lagi bertahan pada satu produk kerajinan saja, harus berinovasi agar mampu bertahan di masa pandemi covid 19 ini. Hal ini diungkapkan oleh Ketua Dekranasda Kabupaten Gianyar Ny. Surya Adnyani Mahayastra di sela-sela kunjungan pembinaan ke sejumlah pengrajin di Kecamatan Blahbatuh, Gianyar, Senin (10/8).</p>\n\n<p>Seperti halnya yang dilakukan oleh Ni Made Dadi, pemilik Khalisbali Bambo di Br. Kebon Kaja, Desa Belega Blahbatuh. Menurut penuturannya, sebelum pandemi pangsa pasar produk kerajinan dan furniture bamboo hampir 90 persen eksport ke luar negeri. Namun kini, saat eksport tidak sebanyak dulu lagi, dirinya mulai melirik pasar lokal yang ternyata tidak kalah menjanjikan. Salah satunya adalah membuat straw atau sedotan dari bambu, chasing tumbler, dan beberapa pernak pernik lainnya dari bambu. Ini juga sejalan dengan himbauan pengurangan penggunaan bahan plastik sekali pakai.</p>\n\n<p>&ldquo; &nbsp;Dengan inovasi seperti ini kami masih bisa bertahan meski harus diakui pangsa pasar masih agak lesu,&rdquo; jelas Made Dadi.</p>\n\n<p>Untuk mengandalkan kunjungan wisatawan saat ini diakui sangat sulit. Untuk memasarkan produknya, Made Dadi sejak dulu sudah memanfaat media sosial. Malah menurutnya itu jauh lebih efektif, karena tidak membutuhkan biaya banyak dan jangkauannya sangat luas.</p>\n\n<p>Hal senada juga juga diakui oleh &nbsp;Gusti Ayu Darmayanti, perajin anyaman lontar Pucuk Lontar Mas di Desa Bona Blahbatuh. Saat pandemi ini kunjungan wisatawan atau pembeli ke tempatnya jauh berkurang, namun masih ada beberapa eksport yang bisa dilakukan terutama ke Spanyol dan Italia tapi tidak sebanyak dulu. Sama seperti Ni Made Dadi, untuk bisa bertahan dirinya juga mengandalkan media sosial sebagai media pemasaran. Jika tidak, tentu usahanya sudah kolaps sejak dulu.</p>\n\n<p>Menanggapi hal tersebut, Ny. Adnyani Mahayastra sangat mengapresiasi inovasi mereka dan berharap para perajin lainnya dapat mengikuti kiat-kiat mereka bertahan di tengah pandemi.</p>\n\n<p>&ldquo; Kreativitas dan inovasi dalam setiap usaha sangat diperlukan, kita harus pintar-pintar membaca peluang pasar,&rdquo; kata Ny. Surya Adnyani Mahayastra.</p>\n\n<p>Pada kesempatan kunjungan itu, juga dilakukan pembuatan video untuk mendokumentasikan potensi-potensi kerajinan yang ada di tiap-tiap kecamatan di Kabupaten Gianyar. Menurut Ny. Adnyani Mahayastra, ini penting untuk memetakan potensi kerajinan di masing-masing wilayah, sehingga memudahkan untuk melakukan pembinaan. Disamping juga lewat dokumentasi video ini bisa dijadikan sarana promosi, karena dalam video ini didokumentasikan juga tentang produk kerajinan, mulai&nbsp; proses pembuatan&nbsp; dari bahan baku hingga hasil akhirnya.</p>\n\n<p>&ldquo; Dengan adanya dokumentasi ini, kita bisa memetakan potensi-potensi kerajinan yang ada di Kabupaten Gianyar, sekaligus nanti kita bisa mempromosikannya,&rdquo; jelas Ny. Surya Adnyani Mahayastra.</p>\n\n<p>Selain kerajinan bambu, dan anyaman lontar pembinaan juga dilakukan di Tenun Putri Ayu Blahbatuh.</p>\n\n<p>Ikut serta &nbsp;pada pembinaan tersebut Kadis Disnakertrans Gianyar, A.A Dalem Jagadhita, Kadis Perindag Luh Gde Eka Suary, Kadis Pariwisata Gianyar A.A Gede Putrawan dan pengurus Dekranasda Kabupaten Gianyar. Kominfo/eni</p>\n','2020-09-28',NULL,1,'dekranasda-gianyar-petakan-potensi-kerajinan-di-kabupaten-gianyar'),
(18,'Tingkatkan Sinergitas, Kejari Gianyar dan PD. BPR Werdhi Sedana Tandatangani MOU','<p>PD.BPR Werdhi Sedana tandatangani nota kesepahaman (MOU) dengan Kejaksaan Negeri Gianyar, Senin (10/8). MOU antara BPR Werdhi Sedana dengan bidang perdata dan tata usaha negara dimaksudkan untuk meningkatkan sinergi sehingga terjalin mitra yang saling membangun dan saling mendukung.</p>\n\n<p>Kajari Gianyar, Agung Mardiwibowo menerangkan bahwa dengan adanya sinergi antara kejaksaan Negeri Gianyar dengan perusahaan daerah milik Kabupaten Gianyar, maka diharapkan dapat menjadi mitra yang saling membangun dan saling mendukung satu sama lain khususnya di Bidang perdata dan Tata Usaha Negara. Sehingga pelaksanaan kegiatan korporasi dapat berjalan sebagaimana ditentukan oleh peraturan perundang-undangan dan pelayanan kepada masyarakat bisa berjalan optimal.&nbsp;</p>\n\n<p>Nota kesepahaman dalam bidang Perdata dan Tata Usaha Negara dimaksudkan sebagai penanda adanya hubungan kerjasama yang baik dalam rangka pelaksanaan kewenangan Kejaksaan Negeri Gianyar dalam bidang Perdata dan Tata Usaha Negara serta penerapan prinsip tata Kelola perusahaan yang baik (Good Corporate Governance) bagi pihak perusahaan daerah dimaksud.&nbsp;</p>\n\n<p>Agung Mardiwibowo menerangkan bahwa MOU merupakan payung hukum sedangkan untuk pelaksanaannya menggunakan surat kuasa khusus (SKK). Ia juga mempersilahkan PD. BPR Werdhi Sedana untuk melakukan konsultasi dengan Kejari Gianyar jika mengalami kesulitan atau bahkan konsultasi jika akan melakukan suatu tindakan.</p>\n\n<p>Sementara itu Direktur Utama PD. BPR Werdhi Sedana I Nyoman Suparsa Widana&nbsp; berharap dengan terjalinnya nota kesepahaman antara Kejari Gianyar dengan PD.Werdhi Sedana bisa memberi manfaat untuk masyarakat dan penguatan bagi PD. BPR Werdhi sedana. Maka dari itu, Suparsa Widana berharapkan kehadiran Kejari Gianyar dapat membantu BPR Werdhi Sedana untuk memberi edukasi kepada masyarakat dengan maksud agar para debitur, nasabah dan masyarakat dapat melaksanakan kewajibannya. Kominfo/abg</p>\n','2020-09-28',NULL,1,'tingkatkan-sinergitas-kejari-gianyar-dan-pd-bpr-werdhi-sedana-tandatangani-mou'),
(19,'Bupati Mahayastra bersama Ketua TP.PKK Serahkan Bantuan','<p>Bupati Gianyar bersama Ketua Tim Penggerak PKK Kabupaten Gianyar menyerahkan paket bantuan kepada Warga Desa Melinggih di Wantilan Banjar Melinggih, Minggu (9/8). Disamping menyerahkan bantuan kepada masyarakat secara umum, Bupati Gianyar I Made Mahayastra juga menyerahkan paket bantuan untuk&nbsp;&nbsp;kelompok posyandu se-Desa Melinggih dan Melinggih Kelod.</p>\n\n<p>Bupati Mahayastra bersama Ketua Tim Penggerak PKK Kabupaten Gianyar&nbsp;&nbsp;Ny. Ida Ayu Surya Adnyani Mahayastra didampingi beberapa pimpinan OPD dan anggota dewan menyerahkan 50 paket lauk &ndash;pauk dan sembako kepada warga disabilitas, yatim piatu, dan lansia di Desa Melinggih.</p>\n\n<p>Paket&nbsp;&nbsp;kelengkapan bayi dan paket makanan tambahan gizi juga diserahkan&nbsp;&nbsp;kepada 20 bayi di Banjar Melinggih, serta paket family kit dan paket makanan siap saji&nbsp;&nbsp;kepada 19 tukang/buruh bangunan di Banjar Melinggih.Untuk Kelompok Posyandu se-Desa Melinggih dan Melinggih Kelod, Bupati Mahayastra menyerahkan paket kebersihan keluarga, dan paket lauk-pauk.</p>\n\n<p>Ny. Surya Adnyani Mahayastra selaku Tetua Tim Penggerak PKK mengajak seluruh masyarakat untuk tetap menerapkan disiplin diri. &ldquo;Saya harap pandemi ini cepat bisa berakhir, dan kepada seluruh masyarakat mari tingkatkan kedisiplinan diri. Kedisiplinan yang saya maksud adalah dengan tetap menjaga jarak, menggunakan masker serta mencuci tangan dengan sabun atau hand sanitizer. Semoga dengan menerapkan disiplin diri kita bisa terhindar dari penyebaran Covid-19,&rdquo;seru Ny. Surya Adnyani Mahayastra.</p>\n\n<p>Kepada orang tua yang resah dengan sistem pembelajaran secara daring, Ny. Surya Adnyani Mahayastra juga mengajak masyarakat untuk sabar, serta berharap semoga wabah cepat berlalu. Karena menurutnya untuk melangsungkan proses pembelajaran secara tatap muka harus memperhatikan situasi atau zona daerah setempat.</p>\n\n<p>Ny. Surya Adnyani Mahayastra juga mewanti-wanti kepada tukang dan buruh bangunan agar mengedepankan keselamatan kerja saat sedang bekerja. &quot;Saya harapkan tukang dengan risiko tinggi kecelakaan kerja tetap menerapkan&nbsp;&nbsp;disiplin dari segi pengamanan sehingga tidak mengalami kecelakaan kerja. Karena sangat disayangkan jika&nbsp;&nbsp;kepala keluarga bekerja untuk menafkahi keluarga tapi mengalami kecelakaan saat bekerja,&rdquo; ujar&nbsp;Ny. Surya Adnyani Mahayastra&nbsp;mengingatkan. Kominfo/abg</p>\n','2020-09-28',NULL,1,'bupati-mahayastra-bersama-ketua-tppkk-serahkan-bantuan'),
(20,'HAN 2020 di Gianyar, Anak-Anak Harus Gembira','<p>Hari Anak Nasional (HAN) diperingati secara virtual di Kabupaten Gianyar, bertempat di Command Center Kabupaten Gianyar, Minggu (9/8). Dengan tema &quot;Anak Terlindungi Indonesia Maju&quot;, dan tagline #AnakIndonesiaGembiradiRumah, Wakil Bupati Gianyar A.A Gde Mayun mengajak anak-anak Gianyar untuk selalu gembira.</p>\n\n<p>Peringatan HAN tahun 2020 berbeda dengan peringatan tahun-tahun sebelumnya. HAN kali ini menghadapi tantangan karena adanya pandemi covid 19 yang juga berdampak pada anak. Namun demikian anak-anak tetap berkegiatan dengan menerapkan aturan protokol kesehatan dengan ketat. Seperti dijelaskan oleh ketua panita HAN 2020 di Kabupaten Gianyar Dewa Ngakan Gede Mahadewa secara virtual. Peringatan HAN merupakan kegiatan yang menjembatani dan mewadahi kreativitas anak-anak di Kabupaten Gianyar dan mempersiapkan anak-anak yang kreatif . Peringatan HAN juga merupakan sarana untuk melaksanakan program tahunan Forum Anak Daerah (FAD) Gianyar. Pada puncak peringatan juga diisi dengan pelantikan pengurus FAD Kabupaten Gianyar &nbsp;periode 2020-2022.</p>\n\n<p>Pada kesempatan itu Duta Anak Gianyar &nbsp;IB.Willie Pramudita dan Gusti Ayu Made Mirah Rismayanti menyuarakan suara anak Gianyar 2020 hasil sidang FAD 2020&nbsp; yang juga disaksikan oleh perwakilan anak-anak Gianyar se-Kabupaten Gianyar secara virtual. Mereka menyuarakan aspirasi anak Gianyar diantaranya &nbsp;&nbsp;memohon pada Pemkab Gianyar agar mempertegas sanksi pada pengedar rokok elektrik dan miras di kalangan anak, berharap agar &nbsp;pemerintah lebih mengoptimalkan pendidikan kluster pada anak. Mereka juga menghimbau pada masyarakat untuk berperan aktif sebagai agen pelapor pada upaya menekan angka pelecehan seksual pada anak, mengimbau juga pada masyarakat khususnya di kalangan orang tua agar lebih ketat mengawasi penggunaan medsos di kalangan anak. Dan seluruh anak di Kabupaten Gianyar &nbsp;berjanji akan membantu Pemkab Gianyar mendukung dan merealisasikan Kabupaten Gianyar sebagai kabupaten layak anak.</p>\n\n<p>Wakil Bupati Gianyar A.A Gde Mayun pada kesempatan itu berharap pada seluruh anak-anak di Kabupaten Gianyar untuk tetap bergembira dan sehat dalam menghadapi suasana pandemi covid 19. Kurang kesempatan bermain di luar bersama teman dan belajar secara tatap muka di sekolah harus disikapi dengan hati yang gembira.</p>\n\n<p>&ldquo;Jangan sampai suasana pandemi membuat kalian merasa terbebani, tetaplah berkreativitas dan belajar namun jangan pernah lupa tetap disiplin dengan semua aturan protokol kesehatan,&rdquo; pesan Wabup Agung Mayun.</p>\n\n<p>Wabup Agung Mayun tak lupa juga mengapresiasi FAD Kabupaten Gianyar atas semua pengabdiannya demi pemenuhan hak anak di Kabupaten Gianyar.</p>\n\n<p>Sementara itu wakil ketua I TP.PKK Kabupaten Gianyar, Ny. Diana Dewi Agung Mayun saat menyapa anak-anak Gianyar, berharap agar anak-anak tidak merasa stress maupun jenuh karena harus beraktivitas di rumah. Baik itu belajar, bermain maupun sekolah secara daring. Istri dari Wakil Bupati Gianyar Agung Mayun ini berharap agar mereka bisa mengalihkan rasa jenuh itu dengan berbagai aktivitas yang menyenangkan di rumah bersama keluarga.</p>\n\n<p>&ldquo;Bersabar ya, semoga pandemi ini cepat berlalu dan kalian bisa beraktivitas dan bersekolah seperti dulu lagi,&rdquo; kata Ny. Diana Dewi</p>\n\n<p>Hadir pada peringatan HAN 2020 di Kabupaten Gianyar, Sekda Gianyar Made Gede Wisnu Wijaya, Kadis DP3AP2KB, Cok Gde Bagus Lesmana Trisnu, Kadis Pendidikan I Wayan Sadra, dan wakil ketua II TP.PKK Kanupaten Gianyar Ny. Dwikorawati Wisnu Wijaya. Kominfo/eni</p>\n','2020-09-28',NULL,1,'han-2020-di-gianyar-anak-anak-harus-gembira'),
(21,'Sambut Hari Konservasi Alam Nasional, Sekda Wisnu Wijaya Pimpin Pelepasliaran 10 Ribu Tukik di Pantai Saba','<p>Sekitar 10 ribu ekor tukik dilepaskan dalam kegiatan Bali Resik Sampah Plastik dan Pelepasan Tukik di &nbsp;Pantai Saba Gianyar, Desa Saba Kecamatan Blahbatuh Gianyar, Jumat (7/8). Pelepasliaran tukik ke pantai dipimpin langsung oleh Sekda Gianyar Made Gede Wisnu Wijaya, didampingi oleh Kapolres Gianyar AKBP I Dewa Made Adnyana, Komisi IV DPR RI, I Nyoman Parta, Plt. Kadis DLH Wayan Kujus Pawitra, dari Kementerian KKP RI, kementerian Lingkungan Hidup RI dan beberapa komunitas pecinta lingkungan hidup di Bali.</p>\n\n<p>Menurut ketua panitia kegiatan I Made Kikik sekaligus ketua kelompok penangkaran penyu Saba Asri mengatakan, kegiatan pelepasliaran tukik Saba Asri 2020 adalah untuk mengkampanyekan pentingnya konservasi alam bagi kelangsungan hidup penyu di Pantai Saba sekaligus juga dalam rangka memperingati Hari Konservasi Alam Nasional yang jatuh pada tanggal 10 Agustus 2020. Disamping itu, menurut Made Kikik kegiatan ini juga ingin lebih memperkenalkan Eko Wisata Saba Asri ke masyarakat umum&nbsp; sebagai salah satu tempat konservasi penyu di Bali dan satu-satunya di Kabupaten Gianyar. Pelepas liarkan tukik biasanya bekerjasama dengan beberapa komunitas pecinta lingkungan, atau wisatawan yang berkunjung ke konservasi. Namun pelepasliaran dalam jumlah yang cukup besar mencapai 10.000 ekor baru pertama kali ini dilakukan. Kegiatan ini bekerjasama dengan Pemkab. Gianyar dalam hal ini Dinas Lingkungan Hidup dan Indonesia Power.</p>\n\n<p>&ldquo; &nbsp;Pelepasliaran tukik dalam jumlah yang cukup besar baru pertama kali kami lakukan. Tukik yang kami lepas hari ini adalah jenis penyu lekang yang memang cocok untuk pantai yang berpasir hitam,&rdquo; jelas Made Kikik.</p>\n\n<p>Made Kikik menambahkan, perkembangan jumlah tukik yang menetas di penangkaran Eko Wisata Saba Asri setiap tahunnya mengalami peningkatan yang signifikan. Dimana pada awal tahun 2020 hingga awal Agustus&nbsp; jumlah tukik yang berhasil ditetaskan sebanyak 10.835 ekor.</p>\n\n<p>Sementara itu Sekda Gianyar Made Wisnu Wijaya pada kesempatan itu menjelaskan dalam kegiatan ini kita lakukan pemungutan sampah plastik di sepanjang Pantai Saba, yang diikuti oleh pegawai di Lingkungan Pemkab Gianyar, komunitas pecinta lingkungan hidup, siswa dan masyarakat.&nbsp; Kegiatan resik atau bersih-bersih ini sudah rutin dilakukan untuk menjaga kebersihan pantai dari timbunan sampah plastik.</p>\n\n<p>&ldquo;Kita tahu bahwa habitat penyu ini semakin berkurang. Hal ini tentu harus ada gerakan masif terkait dengan pelestarian penyu. Bagaimanapun penyu termasuk binatang yang dilindungi oleh pemerintah, tentu ini menjadi apresiasi kita, pemerintah, ada seperti yayasan yang konsen terhadap pelestarian penyu harus kita apresiasi,&rdquo; kata Wisnu Wijaya.</p>\n\n<p>Ditambahkan, mudah-mudahan ke depan ini menjadikan motivasi bagi yayasan lain yang berkecimpung di bidang pelestarian lingkungan. Pemerintah akan dorong terus, pemerintah akan semaksimal mungkin untuk bisa memfasilitasi ataupun memberikan bantuan. Dalam kegiatan pelepasliaran tukik, pemerintah membantu dengan cara membeli tukik dari penangkaran untuk kemudian dilepasliarkan ke laut lepas.&nbsp; Kominfo/eni</p>\n','2020-09-28',NULL,1,'sambut-hari-konservasi-alam-nasional-sekda-wisnu-wijaya-pimpin-pelepasliaran-10-ribu-tukik-di-pantai-saba'),
(22,'Pemkab Gianyar Launching Pasar Gotong Royong Krama Bali','<p>Pemkab Gianyar menggelar Pasar Gotong Royong Krama Bali (PGRKB) di halaman kantor Bupati Gianyar, Jumat (7/8). Diselenggarakannya PGRKB tersebut merupakan tindak lanjut dari Surat Edaran (SE) Gubernur Bali Nomor 15036 Tahun 2020 tentang Program Gotong Royong Krama Bali.</p>\n\n<p>Wakil Bupati Gianyar Anak Agung Gede Mayun mengatakan, PGRKB Pemkab Gianyar bertujuan mempercepat pemulihan perekonomian masyarakat dengan memfasilitasi pemasaran produk pertanian, perikanan dan industri lokal masyarakat Gianyar. Selain itu, dikatakannya program ini juga bertujuan meningkatkan kepedulian pegawai dan karyawan dalam bergotong-royong membantu petani, nelayan, perajin dan pelaku UMKM.</p>\n\n<p>Untuk itu, Wabup Agung Mayun mengatakan Bupati Gianyar mewajibkan pegawai Pemkab berbelanja di Pasar Gotong Royong Krama Bali Pemkab Gianyar ini. Produk-produk yang dijual saat ini termasuk kebutuhan pokok, yakni produk pangan. Ke depannya akan ditambah dengan produk lainnya, misalnya sandang. &ldquo;Di Provinsi program ini dilakukan setiap Hari Jumat, di Gianyar kita coba launching hari ini, kita akan evaluasi bagaimana pelaksanaan perdana ini, untuk bulan depan kita siap adakan lagi. Hari ini partisipasi pegawai dalam program perdana ini cukup tinggi, ke depannya kita akan tingkatkan kualitas maupun kuantitasnya,&rdquo; ujar Wabup Agung Mayun.</p>\n\n<p>Ketua TP PKK Kabupaten Gianyar Ny. Surya Adnyani Mahayastra yang turut hadir pada kesempatan tersebut mengapresiasi program yang digulirkan oleh Gubernur Bali yang dengan sigap ditindaklanjuti oleh Bupati Gianyar. &ldquo;Pasar gotong royong ini sangat baik untuk meningkatkan perekonomian para petani, nelayan, perajin, dan pelaku UMKM Gianyar. Terima kasih kepada Bapak Gubernur atas prakarsanya, sehingga para petani, nelayan, tidak kesulitan memasarkan produk mereka,&rdquo; ujar Ny. Surya Adnyani Mahayastra.</p>\n\n<p>Sementara itu, Kadis Perindustrian dan Perdagangan Kabupaten Gianyar, Luh Gede Eka Suary selaku ketua panitia melaporkan, jumlah produsen/pedagang yang ikut berpartisipasi sebanyak 45 orang. Komoditas yang dijual sebanyak 21 jenis, terdiri dari produk pangan segar dan produk olahan. Produk yang berhasil dijual yakni 778 paket beras segar, 300 paket beras organik, 120 paket buah, 97 paket sayur, 328 kg ikan segar, 181 paket ikan olahan, 448 bungkus keripik, 15 Kg luluh sate, 520 pohon gumitir, mint, pepaya California, dan seledri. &ldquo;Jumlah pegawai yang ikut berpartisipasi sebanyak 2.481 orang, dengan total belanja Rp.87.537.726.600 secara non tunai melalui aplikasi QRIS dari BPD Bali, dan belanja tunai sekitar 13 juta, sehingga total transaksi hari ini mencapai 100 juta rupiah,&rdquo; kata Eka Suary.</p>\n\n<p>Seorang penjual, Ni Nyoman Sunarsih (49) asal Desa Tulikup yang menjual olahan ikan, mengaku senang atas prakarsa Pemkab Gianyar. Dia berterima kasih atas kepedulian pemerintah terhadap pengusaha kecil seperti dirinya. Sunarsih mengatakan, pada pasar gotong royong tersebut dirinya berhasil menjual 109 kg ikan segar dan ikan nila nyatnyat sebanyak 16 Kg. Dia berharap untuk penyelenggaraan pasar gotong royong selanjutnya, dirinya bisa terlibat lagi.</p>\n\n<p>Pelaku usaha/pedagang yang dilibatkan pada PGRKB hari ini adalah Asosiasi Petani Horti Gianyar, Perkumpulan Petani Muda Gianyar, Subak Bon Jaka Desa Sebatu, pedagang ikan tangkap olahan dari Desa Lebih, pedagang ikan segar, pedagang tanaman, dan pedagang keripik. Kegiatan tersebut dihadiri oleh Wakil Ketua DPRD Gianyar, para kepala OPD, para pengurus TP PKK Gianyar, Kepala BPD Bali Cabang Gianyar, dengan tetap memperhatikan protokol kesehatan. Kominfo/IKP</p>\n','2020-09-28',NULL,1,'pemkab-gianyar-launching-pasar-gotong-royong-krama-bali'),
(23,'Bupati Mahayastra Tandatangani Prasasti Pura Mrajan Anyar','<p>Warga Banjar Mukti, Desa Singapadu menggelar karya balik sumpah, rsi gana, melaspas pelinggih lan mapedagingan di Pura Mrajan Anyar, Senin (3/8/2020). Pada kesempatan tersebut, Bupati Gianyar Made Mahayastra didapuk warga untuk ikut mendem pedagingan dan menandatangani prasasti nama pura.</p>\n\n<p>Pengempon Pura Mrajan Anyar adalah krama Banjar Mukti yang terdiri dari 130 KK. Menurut Kelian Adat Banjar Mukti, Nyoman Santa, persiapan karya yakni krama tedun banjar dilaksanakan secara efektif sejak 8 hari lalu secara bergilir atau dengan sistem shift. Sementara persiapan upacara yakni pepeson dilaksanakan sejak tiga minggu lalu di masing-masing KK. Hal ini dimaksudkan untuk mengurangi kerumunan dan acara kumpul-kumpul. Santa mengatakan, melaksanakan upacara di tengah pandemi,&nbsp; pihaknya telah mematuhi protokol kesehatan secara ketat. Ditambahkannya, pelaksanaan upacara ini tidak bisa ditangguhkan karena hari raya Galungan sudah dekat. &quot;Ida anak lingsir mebaos mangde nenten langkain Galungan,&quot; ujar Santa. Di samping itu, penerapan new normal atau tatanan kehidupan yang baru, juga menjadi alasan pihaknya menggelar upacara.</p>\n\n<p>Sementara itu, Kelian Dinas Banjar Mukti, Made Wijana mengatakan, dilaksanakannya upacara ini karena telah selesainya pembangunan beberapa pelinggih, tugu, padmasana, penataan halaman, dan bangunan-bangunan lainnya di areal pura. &quot;Kami menuntaskan program pembangunan pura ini yang telah dilaksanakan sejak 2017,&quot; kata Wijana. Dikatakannya, 90 persen bangunan di Pura Mrajan Anyar ini diperbarui. Pembangunan menghabiskan dana sekitar 2,2 miliar rupiah. Dana bersumber dari swadaya masyarakat, bansos, serta dana desa. Dikatakannya masih ada yang belum tuntas dari pembangunan pura, di antaranya, perbaikan balai pasanekan, panyengker, dan loji.&nbsp;</p>\n\n<p>Bupati Gianyar Made Mahayastra usai mendem pedagingan dan menandatangani prasasti mengucapkan selamat atas suksesnya pelaksanaan karya. Mulai normalnya aktivitas masyarakat di era tatanan kehidupan yang baru, Bupati Mahayastra berharap perputaran ekonomi kembali normal. &quot;Aktivitas kembali normal, tapi saya minta tetap patuhi protokol kesehatan,&quot; tandas Bupati Mahayastra. Kominfo/IKP</p>\n','2020-09-28',NULL,1,'bupati-mahayastra-tandatangani-prasasti-pura-mrajan-anyar'),
(24,'Ny. Surya Adnyani Mahayastra Serahkan Bantuan Sembako Tahap II Bagi Kader PKK','<p>Ketua TP.PKK Kabuoaten Gianyar Ny.Surya Adnyani Mahayastra menyerahkan bantuan tahap II pada 168 kader PKK desa se-Kabupaten Gianyar, di Pendopo Sekretariat Kantor TP.PKK Kabupaten Gianyar, Senin (3/8). Bantuan diterima oleh Ketua TP.PKK Kecamatan untuk kemudian diserahkan pada kader PKK desa yang ada di wilayahnya masing-masing.</p>\n\n<p>Penyerahan bantuan 168 paket sembako tahap II pada seluruh kader PKK desa, dimana sebelumnya telah diserahkan sebanyak 350 paket. Namun setelah diverifikasi ternyata masih ada beberapa yang benar-benar belum mendapat bantuan dari pihak manapun.</p>\n\n<p>Ny. Surya Adnyani Mahayastra juga menambahkan, dari data yang diterima untuk tahap kedua ini, dan &nbsp;berdasarkan data desa yang disampaikan melalui dinas sosial, pihaknya sudah mengecek kembali apakah data yang diberikan melalui desa sudah masuk dalam data yang ada di PKK. Ternyata setelah di kroscek dan memang belum mendapat bantuan.</p>\n\n<p>&ldquo;Kami bisa tegaskan bahwa kader PKK juga akan mendapat bantuan yang sama, sehingga setelah kami mendata kembali dari jumlah 350 kader yang sebelumnya mendapat bantuan, akhirnya terdapat data 168 kader yang belum mendapat bantuan,&rdquo; tegas Ny. Surya Adnyani Mahayastra.</p>\n\n<p>Dari data yang mendapat bantuan, apabila dari jumlah tersebut sudah menerima bantuan seperti stimulus provinsi, BLT Desa, PKH dan lain-lainnya maka untuk tahap II ini mereka tidak mendapatkan lagi. Karena itu sudah turun sekaligus 3 kali.</p>\n\n<p>&ldquo;Sehingga wanti-wanti saya ingatkan kembali, masalah data kita tidak boleh lengah. Biar tidak terjadi salah komunikasi di masyarakat,&rdquo; ujarnya mengingatkan.</p>\n\n<p>Ny. Surya Adnyani Mahayastra juga menyinggung tentang kegiatan dalam program-program PKK. Di awal Maret kegiatan di tahun 2020 yang merupakan kegiatan rutin sudah ditunda untuk sementara. Begitu juga dengan kegiatan yang mengumpulkan banyak orang juga harus tunda dulu. Namun hal-hal lain yang tidak melibatkan banyak orang &nbsp;masih masih bisa dilakukan dengan menerapkan protokol kesehatan yang ketat.</p>\n\n<p>&ldquo; Namun KetuaTP.PKK di masing-masing kecamatan tidak boleh berdiam diri, tetap harus menggali program di desa masing-masing. Kita harus tetap bekerja namun harus tetap memperhatikan tatanan kehidupan era baru,&rdquo; ujar Ny. Surya Adnyani Mahayastra.</p>\n\n<p>Hadir pada penyerahan bantuan tahap ke II, Kadis PMD Dewa Ngakan Ngurah Adi, Kadis Perindag Luh Gde Eka Suary, Kadis Sosial A.A. Putri Ari, dan pengurus TP.PKK Kabupaten Gianyar. Kominfo/eni</p>\n','2020-09-28',NULL,1,'ny-surya-adnyani-mahayastra-serahkan-bantuan-sembako-tahap-ii-bagi-kader-pkk'),
(25,'Safari Gemarikan KKP RI di Subak Pulagan','<p>Kementerian Kelautan dan Perikanan (KKP) RI bekerjasama sama dengan Komisi IV DPR RI memberikan bantuan paket ikan pada warga di Subak Pulagan Desa Tampaksiring sebagai target safari Gerakan Memasyarakatkan Makan Ikan (Gemarikan) di Kabupaten Gianyar. Bantuan sebanyak 258 paket diserahkan langsung oleh Direktur Usaha Investasi, Dirjen Penguatan Daya Saing Produk Kelautan dan Perikanan KKP RI, DR.Catur Sarwanto &nbsp;didampingi anggota Komisi IV DPR RI A.A Bagus Adhi Mahendra Putra, &nbsp;Deputi Kepala Perwakilan BI Provinsi Bali, Rizki Ernadi Wimanda, Asisten 2 Setdakab. Gianyar I Made Suradnya dan Kadis DKPKP Gianyar Ir. Dewi Hariani, di Balai Subak Pulagan Desa Tampaksiring Gianyar, Kamis (30/7).</p>\n\n<p>Dirjen Penguatan Daya Saing Produk Kelautan dan Perikanan KKP RI, Catur Sarwanto menjelaskan pada kesempatan safari Gemarikan diserahkan bantuan sebanyak 500 paket ikan untuk 2 kabupaten yaitu Kabupaten Gianyar dan Kabupaten Bangli, dan Gianyar mendapat jatah sebanyak 258 paket. Adapun bantuan menurut Catur Sarwanto berupa makanan hasil dari olahan ikan berupa bakso ikan, otak-otak, abon dan beberapa jenis ikan segar lainnya seperti ikan lemuru, tuna, mahi-mahi dan lain-lainnya yang diproduksi oleh UMKM di Kabupaten Gianyar.</p>\n\n<p>Gerakan ini merupakan kegiatan nasional khususnya dalam rangka melaksanakan kegiatan untuk memerangi stunting dan juga dalam upaya meningkatkan imun tubuh dalam menghadapi virus covid 19 dengan membiasakan makan ikan. &nbsp;</p>\n\n<p>&ldquo; Pemberian bantuan ini selain untuk memasyarakatkan gemar makan ikan, juga untuk membantu produk UMKM lokal terutama yang memproduksi olahan berbahan dasar ikan dan kemudian diserahkan kembali pada warga masyarakat di Kabupaten Gianyar,&rdquo; jelas Catur Sarwanto.</p>\n\n<p>Hal yang sama ditegaskan oleh Deputi Kepala Perwakilan BI Provinsi Bali, Rizki Ernadi Wimanda, Subak Pulagan merupakan binaan BI dalam meningkatkan ketahanan pangan khususnya di bidang pertanian. Terkait dengan Gemarikan, pihaknya sangat mendukung karena ikan protein sangat tinggi untuk meningkatkan daya tahan tubuh terutama di masa pandemi covid 19. Pihaknya juga sangat mengapresiasi program Pemkab Gianyar yang membantu nelayan dengan mengajak ASN untk membeli ikan hasil petani ikan di Gianyar. Hal ini mungkin dapat ditiru oleh instansi lainnya di Bali begitu juga dengan BI.</p>\n\n<p>Sementara itu anggota Komisi IV DPR RI A.A Bagus Adhi Mahendra Putra menegaskan, konsumsi masyarakat di Bali untuk ikan masih di bawah rata-rata. Jadi ini yang perlu kita tingkatkan, sehingga generasi kita menjadi sehat dan cerdas. Kalua kegiatan ini berjalan dengan baik, niscaya stunting tidak akan terjadi di Bali.</p>\n\n<p>&ldquo; Kenapa kami pilih krama di Subak Pulagan, karena lokasi ini jauh dari pantai, nah kita bawakan contoh-contoh ikan yang bermutu dan berkualitas tinggi, sehingga masyarakat menjadi terbiasa makan ikan dan kita dapat mencegah stunting di Bali,&rdquo; tegas A.A Bagus Adhi Mahendra.</p>\n\n<p>Sementara itu Asisten 2 Setdakab. Gianyar I Made Suradnya &nbsp;menjelaskan, program Gemarikan di Kabupaten Gianyar telah dimulai sejak tahun 2015 dan telah berkomitmen secara berkesinambungan dimulai dari PAUD, SD, SMP hingga SMA. Dalam setiap sosialisasi Gemarikan selalu diimbau agar senantiasa mengkonsumsi ikan berikut olahan ikan sebagai salah satu makanan pokok. Kominfo/IKP</p>\n','2020-09-28',NULL,1,'safari-gemarikan-kkp-ri-di-subak-pulagan'),
(26,'Peringati Hari Jadi, Mahasiswa TI Unud Bagikan Sembako','<p>Himpunan Mahasiswa Teknologi Informasi Fakultas Teknik Universitas Udayana memberikan bantuan sembako kepada 100 lansia usia rentan di balai Banjar Teruna &nbsp;Desa Siangan, Rabu (15/7). Pemberian sembako yang bertajuk Bantuan Sosial IT-Versary 12<sup>th</sup>&nbsp;merupakan wujud sosial Himpunan Mahasiswa Teknologi Informasi dalam rangka memperingati hari jadinya yang ke 12.</p>\n\n<p>Ketua panitia penyelenggara Ida Bagus Cahya Dipayana mengatakan Bakti Sosial kali ini terkait hari jadi jurusan Teknologi Informasi Fakultas Teknik Universitas Udayana yang ke-12. &ldquo;Ini merupakan peringatan hari jadi kami yang ke-12. Awalnya rencana kami ingin mengadakan hiburan atau pertunjukan di kampus. Namun karena pandemi Covid ini, kami mencari solusi dan kami di jurusan sepakat untuk memperingati hari jadi dengan melakukan kegiatan sosial,&rdquo; tuturnya.</p>\n\n<p>Lebih&nbsp;lanjut Cahya Dipayana berharap dengan pemberian paket sembako yang berisikan beras, telur, minyak, mie instan dan masker dapat meringankan beban masyarakat yang terkena dampak Covid-19 khususnya para lansia, serta untuk meningkatkan rasa kepedulian terhadap masyarakat yang terkena dampak covid.</p>\n\n<p>Sementara itu Koordinator Program Studi Teknologi Informasi Dr.Ir.I Made Oka Widyantara, S.T.,M.T.,IPM,ASEAN Eng. Dalam sambutannya mengatakan komitmen disamping menjalankan fungsi akademik juga menjalankan aksi sosial kepada masyarakat.</p>\n\n<p>Oka Widyantara juga menegaskan bahwa dalam peringatan Hut yang ke 12 tidak ada pesta namun &nbsp;dimaknai dengan aksi bantuan sosial. Dengan harapan bisa bermanfaat bagi sesama serta memiliki rasa yang sama di tengah Pandemi Covid-19.</p>\n\n<p>Dilanjutkannya salah satu program dari Kemendikbud yang mewajibkan mahasiswa untuk magang selama satu semester mengharuskannya menjalin kerjasama dengan berbagai pihak untuk menempatkan mahasiswanya magang. &ldquo;Salah satu program Kemendikbud mewajibkan mahasiswa magang selama satu semester, nah harapan kami kegiatan ini awal dari kerjasama kita dengan Desa Siangan.&nbsp; Siapa tau mahasiswa kami bisa magang disini untuk menggali potensi desa dan mempromosikannya dengan pemanfaatan teknologi serta pembuatan aplikasi infrastruktur desa,&rdquo;ujar Oka Widyantara.</p>\n\n<p>Harapan Oka Widyantara disambut baik Perbekel Desa Siangan I Ketut Berata yang mengharapkan kerjasama tersebut benar-benar bisa terwujud. &ldquo;Kalau ada kegiatan magang saya mohon pada pertemuan hari ini saya sampaikan &nbsp;Desa Siangan siap menerima mahasiswa magang. Terlebih lagi dengan penerapan teknologi yang harus kita ikuti agar bisa bersaing,&rdquo; ujar Ketut Berata.&nbsp;&nbsp;</p>\n\n<p>Ketut Berata juga mengucapkan terima kasih kepada Himpunan Mahasiswa Teknologi Informasi Fakultas Teknik dan Unud pada umumnya atas kehadirannya di Desa Siangan untuk memberikan bantuan sembako. Kominfo/abg</p>\n','2020-09-28',NULL,1,'peringati-hari-jadi-mahasiswa-ti-unud-bagikan-sembako'),
(27,'Gianyar Kota Pusaka Konsep Filosofi dan Manfaat Untuk Jagadhita tampaksiring','<p>PUSAKA budaya, sama dengan &lsquo;warisan budaya&rsquo; (Cultural Heritage). Warisan budaya di setiap tempat</p>\n\n<p>memiliki akar sejarah yang amat panjang, persebaran yang luas dengan apresiasi yang tinggi dari seluruh bangsa dan negara di dunia.</p>\n\n<p>Pusaka Alam, Pusaka Budaya dan pusaka lainnya yang memperoleh pengakuan UNESCO tersebar di seluruh benua dan kawasan Asia Tenggara, termasuk Indonesia, Bali dan juga Kabupaten Gianyar. Subak Pulagan, Buluh Atas dan Buluh Bawah di Lembah Pakerisan, Kabupaten Gianyar tercakup dalam Cultural Landscape of Bali Province : The Subak System as Manisfestation of Tri Hita Karana yang ditetapkan oleh UNESCO 2012 sebagai Warisan Budaya Dunia (WBD).</p>\n\n<p>Dalam teropong ilmu &ndash; ilmu humaniora, kebudayaan termasuk di dalamnya pusaka budaya, cagar budaya, kesenian, tradisi, bahasa sampai dengan sastra. Semua ituadalah khasanah cipta, rasa dan karsa manusia kreatif yang mampu merepresentasikan filosofi, tata nilai, karakter dan kemajuan adab. Sejak kajian arkeologi, histori, teknologi, sastra dan seni secara holistik dan intensif mengangkat temuan, informasi dan jelajah makna tentang pusaka budaya, perhatian para negarawan, kepala daerah provinsi/kabupaten/kota, akademisi dan lembaga&ndash;lembaga kebudayaan termasuk BPPI, OWHC, UNESCO sangat besar mengapresiasi pusaka budaya berskala lokal, nasional, internasional. Bupati Gianyar A A Gde Agung Bharata, salah satu bupati di Indonesia bersama akademisi dan masyarakat Gianyar yang sangat mengapresiasi keberadaan warisan budaya. Bupati Agung Bharata juga bertekad besar dalam merevitalisasi Gianyar sebagai Kabupaten Pusaka yang mencakup Gianyar Kota Pusaka.</p>\n\n<p>Menurut konvensi UNESCO, tahun 1972, konsep Pusaka Budaya adalah monumen &ndash; monumen yang terdiri atas pekerjaan arsitektur, lukisan yang monumental, struktur arkeologi alami, prasasti, goa sebagai tempat tinggal. Kesemua itu ada yang terkombinasi dengan ciri &ndash; cirinya yang bersifat universal dan meninjol dari sudut pandang sejarah, seni dan ilmu. Ciri dimaksud antara lain&nbsp; kelompok bangunan karena arsitekturnya, homogenitisnya atau pemandangan yang bernilai universal. Ada juga terkemuka dari sudut sejarah, seni dan ilmu yakni situs &ndash; situs arkeologi komunitas yang bernilai universal, estektika, etnologi atau antropologi.</p>\n\n<p>Pusaka Budaya wajib memenuhi beberapa kriteria pokok : (1) Unsur Kebudayaan yang berumur lebih dari 50 tahun, ( 2) Unsur tersebut terdiri atas unsur budaya benda ( tangible) dan unsur budaya tak benda ( intangible), (3) Unsur tersebut merupakan living monument dan dead monument, (4) Unsur yang bersangkutan merepresentasikan style tempat tertentu, periode tertentu, gaya hidup komunitas tertentu, (5) Unsur yang mengandung nilai universal dan terkemuka diteropong sudut sejarah, seni, arkeologi, ilmu pengetahuan, antropologi ( Geriya, 2000).</p>\n\n<p>Basis filosofi tentang eksistensi dan dinamika Pusaka Budaya adalah sinergi filosofi lokal, ideologi nasional dan peradaban universal. Dalam konteks Gianyar sebagaiKota Pusaka, basis filosofi lokal bertumpu pada filosofi Tri Hita Karana yang menekankan pada konsep harmoni. Filosofi nasional merujuk ideologi Pancasila dengan lima nilai dasar. Peradaban universal dalam refrensi humanisme yang memosisikan sinergi Manusia &ndash; Alam _ Spiritual sebagai subjek atau Tuan. Sinergi ini bukan objek sebagai mangsa dari penganut &ndash; penganut rakus ideologi kapitalisme dan pragmatisme. Jiwa dan spirit sinergi filosofi Tri Hita Karana, Pancasila dan Humanisme Universal atau&nbsp; kosmos, antropos, theos adalah harmoni, taksu, keadaban, kemuliaan untuk kesejahteraan dan kebahagiaan, jagadhita.</p>\n\n<p>Berdasarkan UU No 11 Tahun 2010 tentang Benda Cagar Budaya, bahwa paradigma baru dalam pelestarian dan pengembangan kebudayaan bertumpu pada keseimbangan dinamis antara kebudayaan dalam konteks ideologi, ekonomi, teknologi, ekologi dan edukasi. Dalam konteks ideologi, pelestarian dan pengembangan kebudayaan adalah&nbsp; representasi dari dinamika dan sinergi nilai &ndash; nilai universal yang meliputi nilai &ndash; nilai inti tentang logika, etika, estetika, solidarita, kreativita dan speritualita. Dalam konteks ekonomi, pelestarian dan pengembangan kebudayaan merupakan modal budaya untuk mampu memacu dan memberdayakan ekonomi kreatif. Ekonomi kreatif mencakup 14 kelompok ekonomi kreatif : (1) periklanan, ( 2) layanan komputer dan piranti lunak, (3) arsitektur, (4) permainan interatif, (5) musik, (6) rizet, (7) televisi dan radio, (8) seni pertunjukan, (9) pasar seni dan benda antik, (10) penerbitan dan percetakan, (11) film, vidio, fotografi, (12) feshion, (13) design dan (14) kerajinan (Desperindag, 2008).</p>\n\n<p>Dalam konteks teknologi, pengembangan kebudayaan diharapkan tumbuh adaptif dengan revolusi teknologi dan aplikasi teknologi tidak bisa lepas dari akar budaya. Strategi pelestarian dan pengembangan kebudayaan, juga tidak lepas dari keseimbangan pelestarian ekologi dan lingkungan, sehingga interaksi antara alam dan budaya berkembang lestari dan berkelanjutan. Begitu pula halnya tentang keterkaitan dinamis antara kebudayaan dan edukasi adalah wujud representasi antara kebudayaan sebagai isi dan pendidikan sebagai proses berkelanjutan dalam misi memanusiakan manusia dan membudayakan masyarakat bangsa.</p>\n\n<p>Pengembangan Gianyar sebagai Kota Pusaka mengarah pada tiga tujuan utama : (1) Membangkitkan kesadaran dan kepedulian masyarakat terhadap Pusaka Budaya sebagai Warisan Budaya leluhur, basis identitas dan inspirasi menuju cita &ndash; cita masyarakat Gianyar sejahtera, bahagia dan berbudaya, (2) Memberdayakan heritage sebagai modal dan sumber ekonomi kreatif, pariwisata heritage, penghayatan nilai, pembentukan karakter bangsa dan diplomasi kebudayaan, (3) Memperluas jaringan Kabupaten/KotaPusaka Gianyar dalam network berskala lokal, nasional, internasional ( termasuk jaringan&nbsp; JKPI, OWHC, UNESCO). Jaringan ini guna memperkokoh nilai harmoni, nasionalisme dan humanisme.</p>\n\n<p>Manfaat utama yang diharapkan berskala lokal, nasional, internasional. Pertama, secara lokal, bangkitnya kembali kesadaran terhadap nilai &ndash; nilai kearifan lokal yang tercakup dalam pusaka budaya tangible dan intangible sebagai modal dasar pembangunan Kabupaten Gianyar berlandaskan Tri Hita Karana; Kedua, secara nasional, menguatnya identitas dan karakter bangsa sebagai representasi masyarakat Gianyar berkepribadian di bidang kebudayaan; ketiga, meluasnya jaringan Kabupaten Pusaka dengan menjangkau ranah nasional, regional dan internasional.</p>\n\n<p>Ketiga manfaat lokal, nasional dan internasional tersebut diharapkan membukakan pintu dan peluang bagi seniman, budayawan dan seluruh masyarakat Gianyar untuk berkembang dan makin maju dengan akselesari peningkatan kesejahteraan dan kebahagiaan, jagadhita.</p>\n\n<p>Berdasarkan indikator yang dikembangkan dan diaplikasikan oleh BPS, sepuluh indikator masyarakat bahagia meliputi : (1) Kondisi Keamanan, (2) Keharmonisan Keluarga, (3) Keadaan Lingkungan, (4) Hubungan Sosial, ( 5) Kesehatan, (6) Pekerjaan, (7) Ketersediaan Waktu Luang, (8) Konsidi Rumah dan Aset, (9) Pendapatan Rumah Tangga, dan (10) Pendidikan. Peran Kebudayaan sangat mendasar dan signifikan dalam menginspirasi, mengakselerasi dan mengkonstruksi kebahagiaan melalui kesepuluh indikator tersebut.</p>\n','2020-11-25',NULL,0,'gianyar-kota-pusaka-konsep-filosofi-dan-manfaat-untuk-jagadhita');

/*Table structure for table `ta_banner` */

DROP TABLE IF EXISTS `ta_banner`;

CREATE TABLE `ta_banner` (
  `banner_id` int(11) NOT NULL AUTO_INCREMENT,
  `banner_file` varchar(255) DEFAULT NULL,
  `banner_judul` varchar(255) DEFAULT NULL,
  `banner_tanggal` date DEFAULT NULL,
  `banner_jenis` tinyint(4) DEFAULT NULL COMMENT '0=banner_besar, 1=banner_kecil',
  `banner_user_id` bigint(20) DEFAULT NULL,
  PRIMARY KEY (`banner_id`)
) ENGINE=InnoDB AUTO_INCREMENT=23 DEFAULT CHARSET=utf8mb4;

/*Data for the table `ta_banner` */

insert  into `ta_banner`(`banner_id`,`banner_file`,`banner_judul`,`banner_tanggal`,`banner_jenis`,`banner_user_id`) values 
(16,'file_banner-20201216134426.jpg','kpk','2020-12-16',0,NULL),
(17,'file_banner-20201216134452.jpg','kecil','2020-12-16',1,NULL),
(18,'file_banner-20201216134513.jpg','kecil2','2020-12-16',1,NULL),
(19,'file_banner-20201216134534.jpg','kecil 3','2020-12-16',1,NULL),
(22,'file_banner-20201216134613.jpg','kecil 4','2020-12-16',1,NULL);

/*Table structure for table `ta_carousel` */

DROP TABLE IF EXISTS `ta_carousel`;

CREATE TABLE `ta_carousel` (
  `carousel_id` int(11) NOT NULL AUTO_INCREMENT,
  `carousel_judul` varchar(255) DEFAULT NULL,
  `carousel_caption` varchar(255) DEFAULT NULL,
  `carousel_foto` varchar(255) DEFAULT NULL,
  `carousel_tanggal` date DEFAULT NULL,
  `carousel_link` varchar(255) DEFAULT NULL,
  PRIMARY KEY (`carousel_id`)
) ENGINE=InnoDB AUTO_INCREMENT=15 DEFAULT CHARSET=utf8mb4;

/*Data for the table `ta_carousel` */

insert  into `ta_carousel`(`carousel_id`,`carousel_judul`,`carousel_caption`,`carousel_foto`,`carousel_tanggal`,`carousel_link`) values 
(10,'Bupati Mahayastra Berikan Bantuan Bencana di Desa Tulikup Kaler dan Mawang','Bupati Mahayastra Berikan Bantuan Bencana di Desa Tulikup Kaler dan Mawang','bupati-mahayastra-berikan-bantuan-bencana-di-desa-tulikup-kaler-dan-mawang-20201216-131247.jpg','2020-12-16',''),
(11,'Kado Akhir Tahun, Gianyar Raih Penghargaan Kabupaten Peduli HAM','Kado Akhir Tahun, Gianyar Raih Penghargaan Kabupaten Peduli HAM','kado-akhir-tahun-gianyar-raih-penghargaan-kabupaten-peduli-ham-20201216-131236.jpg','2020-12-16',''),
(12,'Desa Lebih Berdayakan Lansia Lewat Lomba','Desa Lebih Berdayakan Lansia Lewat Lomba','desa-lebih-berdayakan-lansia-lewat-lomba-20201216-131253.jpg','2020-12-16',''),
(13,'Bupati Mahayastra Salurkan 31.500 Paket Sembako Tahap III','Bupati Mahayastra Salurkan 31.500 Paket Sembako Tahap III','bupati-mahayastra-salurkan-31500-paket-sembako-tahap-iii-20201216-131208.jpg','2020-12-16',''),
(14,'Bupati Mahayastra Serahkan Bantuan Kursi Roda','Bupati Mahayastra Serahkan Bantuan Kursi Roda','bupati-mahayastra-serahkan-bantuan-kursi-roda-20201216-131224.jpg','2020-12-16','');

/*Table structure for table `ta_galeri` */

DROP TABLE IF EXISTS `ta_galeri`;

CREATE TABLE `ta_galeri` (
  `galeri_id` int(11) NOT NULL AUTO_INCREMENT,
  `galeri_judul` varchar(255) DEFAULT NULL,
  `galeri_deskripsi` text,
  `galeri_tanggal` date DEFAULT NULL,
  `galeri_user_id` bigint(20) DEFAULT NULL,
  `galeri_slug` varchar(255) DEFAULT NULL,
  PRIMARY KEY (`galeri_id`)
) ENGINE=InnoDB AUTO_INCREMENT=23 DEFAULT CHARSET=utf8mb4;

/*Data for the table `ta_galeri` */

insert  into `ta_galeri`(`galeri_id`,`galeri_judul`,`galeri_deskripsi`,`galeri_tanggal`,`galeri_user_id`,`galeri_slug`) values 
(12,'Kumpulan Foto Pameran Produk Unggulan UMKM dan Pertanian','<p>Pameran Produk Unggulan UMKM dan Pertanian serangkaian kegiatan HUT Ke-243 Kota Gianyar</p>\n','2020-12-16',NULL,'kumpulan-foto-pameran-produk-unggulan-umkm-dan-pertanian'),
(13,'Kumpulan Foto Apel HUT Korpri ke 43','<p>Apel perayaan HUT Korpri ke-43, Hut PGRI ke-69, dan Hari Kesehatan Nasional (HKN) ke-50 di Lapangan Astina Raya Gianyar, (1/12).</p>\n','2020-12-16',NULL,'kumpulan-foto-apel-hut-korpri-ke-43'),
(14,'Kumpulan Foto Gianyar Sebagai Daerah Tertib Ukur','<p>Menteri Perdagangan Republik Indonesia, Rahmat Gobel tetapkan Gianyar sebagai Daerah Tertib Ukur, di Balai Budaya, Gianyar, (2/12).</p>\n','2020-12-16',NULL,'kumpulan-foto-gianyar-sebagai-daerah-tertib-ukur'),
(15,'Kumpulan Foto Bupati Tinjau Pencairan PKH','<h3>Bupati Tinjau Pencairan PKH</h3>\n','2020-12-16',NULL,'kumpulan-foto-bupati-tinjau-pencairan-pkh'),
(16,'Kumpulan Foto Penghargaan Wajib Pajak','<p>Penghargaan kepada Wajib pajak Hotel (WPH), Wajib Pajak Restoran (WPR), Wajib Pajak Hiburan (WPhr), Wajib Pajak Air Tanah (WPAT), dan Petugas Pendata dan Penagih Pajak Hotel dan Restoran (PHR) tahun 2014, di Bale Agung Theater Bali Safari &amp; Marine Park, (8/12).</p>\n','2020-12-16',NULL,'kumpulan-foto-penghargaan-wajib-pajak'),
(19,'Video Udara Kota Gianyar Bali 2019','<p>Video Udara Kota Gianyar Bali 2019</p>\n','2020-12-16',NULL,'video-udara-kota-gianyar-bali-2019'),
(20,'tabuh penyiram styl sidan gianyar','<p>tabuh penyiram styl sidan gianyar</p>\n','2020-12-16',NULL,'tabuh-penyiram-styl-sidan-gianyar'),
(22,'PKB2019 GK Dewasa Duta Kab.Gianyar, Tabuh Kreasi \"Bajradara\"','<p>PKB2019 GK Dewasa Duta Kab.Gianyar, Tabuh Kreasi&nbsp;</p>\n','2020-12-16',NULL,'pkb2019-gk-dewasa-duta-kabgianyar-tabuh-kreasi-bajradara');

/*Table structure for table `ta_judul` */

DROP TABLE IF EXISTS `ta_judul`;

CREATE TABLE `ta_judul` (
  `judul_id` int(11) NOT NULL AUTO_INCREMENT,
  `judul_nama` varchar(255) DEFAULT NULL,
  `judul_tanggal` datetime DEFAULT NULL,
  PRIMARY KEY (`judul_id`)
) ENGINE=InnoDB DEFAULT CHARSET=utf8mb4;

/*Data for the table `ta_judul` */

/*Table structure for table `ta_kegiatan` */

DROP TABLE IF EXISTS `ta_kegiatan`;

CREATE TABLE `ta_kegiatan` (
  `kegiatan_id` int(11) NOT NULL AUTO_INCREMENT,
  `kegiatan_judul` varchar(255) DEFAULT NULL,
  `kegiatan_deskripsi` text,
  `kegiatan_tanggal` date DEFAULT NULL,
  `kegiatan_user_id` bigint(20) DEFAULT NULL,
  `kegiatan_slug` varchar(255) DEFAULT NULL,
  PRIMARY KEY (`kegiatan_id`)
) ENGINE=InnoDB AUTO_INCREMENT=18 DEFAULT CHARSET=utf8mb4;

/*Data for the table `ta_kegiatan` */

insert  into `ta_kegiatan`(`kegiatan_id`,`kegiatan_judul`,`kegiatan_deskripsi`,`kegiatan_tanggal`,`kegiatan_user_id`,`kegiatan_slug`) values 
(1,'penyerahan sembako bagi keluarga mam...','<p>penyerahan dilaksanakan langsung oleh prajuru setempat</p>\n','2020-09-11',NULL,'penyerahan-sembako-bagi-keluarga-mam'),
(2,'lomba 17 agustus ','<p>acara lomba</p>\n','2020-09-11',NULL,'lomba-17-agustus'),
(3,'lomba masak di CFD','<p>lomba bagi anak anak smk</p>\n','2020-09-11',NULL,'lomba-masak-di-cfd'),
(4,'Penghapusan Sanksi Administrasi PBB-P2','<p><img alt=\"\" src=\"/assets/kcfinder/upload/files/25f3d-5.jpg\" style=\"height:375px; width:600px\" /></p>\n\n<p>Penghapusan Sanksi Administrasi PBB-P2</p>\n\n<p>Dalam rangka Gerakan Membayar &ldquo;GEBYAR&rdquo; Pajak Bumi dan Bangunan Perdesaan dan Perkotaan (PBB-P2) di Kabupaten Gianyar, yang mulai dilaksanakan dari Tanggal 22 Oktober s/d 29 Nopember 2019 selama 39 hari, dengan ini diinformasikan bahwa bagi masyarakat (wajib pajak) yang masih mempunyai kewajiban/tunggakan Pajak Bumi dan Bangunan Perdesaan dan Perkotaan (PBB-P2) akan diberikan pengampunan/penghapusan terhadap sanksi administrasi berupa bunga atau denda selama 5 (lima) tahun masa pajak yaitu dari Tahun 2014 s/d Tahun 2018 dan melakukan pembayaran masa pajak berjalan Tahun 2019, berdasarkan catatan dan data administrasi pada kantor BPKAD (badan Pengelolaan Keuangan dan Aset Daerah) Kab. Gianyar, sehingga Bapak/Ibu wajib pajak hanya membayar pokok pajak saja.</p>\n\n<p>Berkenaan dengan hal tersebut masyarakat (wajib pajak) dapat melakukan pembayaran PBB-P2 pada tempat-tempat layanan yang ditunjuk yaitu dapat melalui : BRI, BPD, Bank Werdhi Sedana, Kantor Pos dan Giro dan LPD.</p>\n\n<p>Bagi masyarakat yang hadir membayar Pajak PBB-P2 pada puncak GEBYAR Tanggal 27 Oktober 2019, yang dilaksanakan bersamaan dengan kegiatan Car Free Day, disiapkan Door Price berupa :</p>\n\n<ul>\n	<li>Sepeda Motor</li>\n	<li>TV</li>\n	<li>Baju Kaos</li>\n	<li>Payung</li>\n	<li>dan berbagai door price lainnya.</li>\n</ul>\n\n<p>Mari kita masyarakat Gianyar Bersama-sama dengan :</p>\n\n<ul>\n	<li>Bangga membayar pajak</li>\n	<li>Membangun Gianyar dengan pajak</li>\n	<li>Orang bijak taat pajak</li>\n</ul>\n\n<p>Manfaatkan penghapusan Bunga atau denda melalui &ldquo;GEBYAR&rdquo; pajak PBB-P2 Tahun 2019 di Kabupaten Gianyar.</p>\n','2020-09-28',NULL,'penghapusan-sanksi-administrasi-pbb-p2'),
(5,'Pemilihan Jegeg Bagus Duta Pariwisata Kabupaten Gianyar 2017','<p><img alt=\"\" src=\"/assets/kcfinder/upload/files/a.jpg\" style=\"height:500px; width:800px\" /></p>\n','2020-09-28',NULL,'pemilihan-jegeg-bagus-duta-pariwisata-kabupaten-gianyar-2017'),
(6,'Jadwal Kegiatan Serangkaian HUT ke 247 Kota Gianyar','<p><img alt=\"\" src=\"/assets/kcfinder/upload/files/0aaf1-3.jpg\" style=\"height:500px; width:800px\" /></p>\n','2020-09-28',NULL,'jadwal-kegiatan-serangkaian-hut-ke-247-kota-gianyar'),
(7,'Jadwal Kegiatan Roadshow KPK','<p><img alt=\"\" src=\"/assets/kcfinder/upload/files/0aaf1-3.jpg\" style=\"height:500px; width:800px\" /></p>\n','2020-09-28',NULL,'jadwal-kegiatan-roadshow-kpk'),
(8,'Eksplorasi dan Kreasi Seni 3.0 Perayaan Tahun Baru 2019','<p><img alt=\"\" src=\"/assets/kcfinder/upload/files/25f3d-5.jpg\" style=\"height:500px; width:800px\" /></p>\n','2020-09-28',NULL,'eksplorasi-dan-kreasi-seni-30-perayaan-tahun-baru-2019'),
(9,'Promosi Pasar Ubud 2 Desa Pekraman Singakerta','<p>Kegiatan Promosi Pasar Ubud 2</p>\n\n<p>19 Pebruari 2015</p>\n\n<p>&nbsp;</p>\n\n<p>PT. WAJA MOTOR mengadakan bermacam kegiatan antara lain :</p>\n\n<ul>\n	<li>Pameran Unit</li>\n	<li>Hiburan Dangdut</li>\n	<li>Geme (Permainann Spontanitas Berhadiah)</li>\n	<li>Senam Aerobic, Peserta senam diminta dari Desa/Masyarakat</li>\n</ul>\n\n<p>Dinas Pertanian Perhutanan dan Perkebunan Kabupaten Gianyar</p>\n\n<ul>\n	<li>Menjual Hasil Pertanian</li>\n</ul>\n\n<p>Dinas Pariwisata Kabupaten Gianyar</p>\n\n<ul>\n	<li>Mengadakan Pemutaran Film Dokumenter dan brosur - brosur</li>\n</ul>\n\n<p>Dinas Koperasi dan UKM Kabupaten Gianyar</p>\n\n<ul>\n	<li>Menyajikan Kuliner</li>\n</ul>\n\n<p>Disperindag Kabupaten Gianyar</p>\n\n<ul>\n	<li>Pameran Kain Tenun dan Perak</li>\n</ul>\n\n<p>Kegiatan dilaksanakan satu hari pukul : 16.00 wita s/d 22.00 wita.</p>\n','2020-09-28',NULL,'promosi-pasar-ubud-2-desa-pekraman-singakerta'),
(10,'Gianyar Gelar CFN di Malam Valentine tahun 2019','<p>Bertepatan dengan perayaan hari valentine atau hari kasih sayang, tanggal 14 februari 2015, Pemkab. Gianyar kembali menggelar Car Free Nigth (CFN) di Areal Taman Kota Gianyar. Kegiatan CFN dimulai pukul 18.00 hingga pukul 23.00 wita. Hal ini disampaikan Ketua Team Kreatif, I Wayan Kujus Pawitra selepas menggelar rapat pemantapan, (12/2).</p>\n\n<p>Kujus menjelaskan CFN akan menampilkan berbagai atraksi dan hiburan seperti, tarian, modern dance, penyerahan bantuan tali kasih kepada anak-anak yayasan, lantunan puisi-puisi cinta-kasih, hiburan musik dan penampilan artis bali duo liku.</p>\n\n<p>Kujus Pawitra menjelaskan CFN sebagai ruang bagi masyarakat berkumpul dan berbagi dalam suasana kebersamaan.</p>\n\n<p>&ldquo;Kita ingin mengajak seluruh masyarakat dalam acara nanti berbagi dengan sesama dan lingkungan&rdquo;, ungkap Kujus.&nbsp;(Humas Gianyar)</p>\n','2020-09-28',NULL,'gianyar-gelar-cfn-di-malam-valentine'),
(11,'Jadwal Kegiatan Serangkaian Memperingati HUT Ke-56 Prov.Bali dan Hut Ke-69 Kemerdekaan RI Tahun 2014','<p><img alt=\"\" src=\"/assets/kcfinder/upload/files/a.jpg\" style=\"height:500px; width:800px\" /></p>\n','2020-09-28',NULL,'jadwal-kegiatan-serangkaian-memperingati-hut-ke-56-provbali-dan-hut-ke-69-kemerdekaan-ri-tahun-2014'),
(12,'Promosi Pasar Ubud 2 Desa Pekraman Singakerta ubud','<p>promosi dilakukan melalui media sosial</p>\n','2020-11-26',NULL,'promosi-pasar-ubud-2-desa-pekraman-singakerta-ubud'),
(13,'Jadwal Kegiatan Serangkaian Memperingati HUT Ke-245 Kota Gianyar','<h1>Jadwal Kegiatan Serangkaian Memperingati HUT Ke-245 Kota Gianyar</h1>\n\n<p><img alt=\"\" src=\"/assets/kcfinder/upload/files/2-1(1).jpg\" style=\"height:437px; width:720px\" /></p>\n','2020-12-16',NULL,'jadwal-kegiatan-serangkaian-memperingati-hut-ke-245-kota-gianyar'),
(14,'Jadwal Kegiatan Serangkaian Memperingati HUT Ke-57 Prop. Bali dan HUT Ke-70 Kemerdekaan RI','<h1>Jadwal Kegiatan Serangkaian Memperingati HUT Ke-57 Prop. Bali dan HUT Ke-70 Kemerdekaan RI</h1>\n','2020-12-16',NULL,'jadwal-kegiatan-serangkaian-memperingati-hut-ke-57-prop-bali-dan-hut-ke-70-kemerdekaan-ri'),
(15,'Program Acara Kesenian Pesta Kesenian Bali XXXVII Tahun 2015 Duta Kabupaten Gianyar','<h1>Program Acara Kesenian Pesta Kesenian Bali XXXVII Tahun 2015 Duta Kabupaten Gianyar</h1>\n','2020-12-16',NULL,'program-acara-kesenian-pesta-kesenian-bali-xxxvii-tahun-2015-duta-kabupaten-gianyar'),
(16,'Jadwal Kegiatan Serangkaian Memperingati HUT Ke-56 Prov.Bali dan Hut Ke-69 Kemerdekaan RI Tahun 2014','<h1>Jadwal Kegiatan Serangkaian Memperingati HUT Ke-56 Prov.Bali dan Hut Ke-69 Kemerdekaan RI Tahun 2014</h1>\n','2020-12-16',NULL,'jadwal-kegiatan-serangkaian-memperingati-hut-ke-56-provbali-dan-hut-ke-69-kemerdekaan-ri-tahun-2014'),
(17,'Program Acara PKB XXXVI Tahun 2014 Duta Kabupaten Gianyar','<h1>Program Acara PKB XXXVI Tahun 2014 Duta Kabupaten Gianyar</h1>\n','2020-12-16',NULL,'program-acara-pkb-xxxvi-tahun-2014-duta-kabupaten-gianyar');

/*Table structure for table `ta_kontak_person` */

DROP TABLE IF EXISTS `ta_kontak_person`;

CREATE TABLE `ta_kontak_person` (
  `kontak_person_id` int(11) NOT NULL AUTO_INCREMENT,
  `kontak_person_nama` varchar(255) DEFAULT NULL,
  `kontak_person_alamat` varchar(255) DEFAULT NULL,
  `kontak_person_email` varchar(255) DEFAULT NULL,
  `kontak_person_judul` varchar(255) DEFAULT NULL,
  `kontak_person_isi_aduan` text,
  `kontak_person_tanggal` date DEFAULT NULL,
  PRIMARY KEY (`kontak_person_id`)
) ENGINE=InnoDB AUTO_INCREMENT=7 DEFAULT CHARSET=utf8mb4;

/*Data for the table `ta_kontak_person` */

insert  into `ta_kontak_person`(`kontak_person_id`,`kontak_person_nama`,`kontak_person_alamat`,`kontak_person_email`,`kontak_person_judul`,`kontak_person_isi_aduan`,`kontak_person_tanggal`) values 
(1,'Dirga','Sidan Kelod','dirga@example.com','Internet lemot','Internet gianyar sangat lambat','2020-09-07'),
(5,'dirga','sidan','cekingx@gmail.com','macet','asfg','2020-09-08'),
(6,'dirga','sidan','cekingx@gmail.com','macet','addadsf','2020-10-08');

/*Table structure for table `ta_kritik_saran` */

DROP TABLE IF EXISTS `ta_kritik_saran`;

CREATE TABLE `ta_kritik_saran` (
  `kritik_saran_id` int(11) NOT NULL AUTO_INCREMENT,
  `kritik_saran_judul` varchar(255) DEFAULT NULL,
  `kritik_saran_isi` text,
  `kritik_saran_tanggal` date DEFAULT NULL,
  `kritik_saran_nama` varchar(255) DEFAULT NULL,
  `kritik_saran_alamat` varchar(255) DEFAULT NULL,
  `kritik_saran_email` varchar(255) DEFAULT NULL,
  `kritik_saran_foto` varchar(255) DEFAULT NULL,
  PRIMARY KEY (`kritik_saran_id`)
) ENGINE=InnoDB AUTO_INCREMENT=15 DEFAULT CHARSET=utf8mb4;

/*Data for the table `ta_kritik_saran` */

insert  into `ta_kritik_saran`(`kritik_saran_id`,`kritik_saran_judul`,`kritik_saran_isi`,`kritik_saran_tanggal`,`kritik_saran_nama`,`kritik_saran_alamat`,`kritik_saran_email`,`kritik_saran_foto`) values 
(1,'Kurang Responsif','Admin kurang responsif','2020-09-07','Dirga','Sidan','test@example.com','default.jpg'),
(5,'c','c','2020-09-10','c','c','c','c-20200910-040955.png'),
(6,'kk miskin','bansos tidak tepat sasaran','2020-09-10','dirga','sidan','test@example.com','default.jpg'),
(7,'Listrik','Lorem ipsum dolor sit amet, consectetur adipiscing elit. Sed iaculis, mauris non accumsan ornare, diam tellus faucibus enim, quis porttitor sem nunc non nibh. Quisque nunc nibh, porta ac malesuada non, fermentum ut enim. Fusce mattis quis felis at laoreet. Nunc sit amet lacus at nisi sollicitudin fermentum sed eget ante. Maecenas mattis quam id dolor imperdiet pulvinar. Fusce vitae purus quis turpis commodo sagittis in a dolor. Maecenas volutpat vel enim eu sodales. In non libero finibus, facilisis neque ac, ornare quam. Proin id congue turpis. Proin quis purus rutrum, facilisis enim a, ultrices velit. Proin efficitur efficitur purus, non iaculis mauris porttitor a.\r\n\r\nMorbi pulvinar sit amet urna non finibus. Maecenas pharetra risus et tincidunt ornare. Sed aliquam augue ac lacus vestibulum dictum. Quisque et volutpat lacus. Suspendisse nec sodales massa. Phasellus consectetur sollicitudin sodales. Nullam efficitur turpis lobortis nisi cursus feugiat.\r\n\r\nInterdum et malesuada fames ac ante ipsum primis in faucibus. Quisque commodo dolor non massa pulvinar, a ullamcorper ligula scelerisque. Morbi placerat dui vitae mattis efficitur. In hac habitasse platea dictumst. Mauris sed tellus mollis, eleifend mauris nec, sagittis dolor. Mauris egestas dapibus ante, sit amet lobortis turpis molestie nec. In iaculis velit enim, nec viverra ipsum pulvinar vitae. Sed sodales nunc diam, aliquam tempor dui rutrum in. Suspendisse dapibus, velit quis finibus elementum, justo sapien lobortis nibh, quis dictum felis libero in dui. Nulla vehicula tortor non nisl dignissim lobortis et in enim. Etiam tincidunt eleifend vehicula.','2020-09-10','nila','buleleng','nila@domain.com','nila-20200910-070905.png'),
(8,'jalan tolong diperlebar','jalan yang ada masih bisa dibilang sempit','2020-12-14','budi','sidan','artanila15@gmail.com','default.jpg'),
(9,'kk miskin','tolong utk kk miskin dicek kembali! sy rasa bantuan sembako utk kk miskin di gianyar karena pandemi corona ini tidak tepat sasaran. Karena sebagian besar pemegang kk miskin ini adalah keluarga mampu. utk di desa sy sj hampir semua keluarga mampu pemegang kk miskin. sy rasa ini semua karena masih ada kelian dan bendesa yg tebang pilih utk mendapatkan kk miskin. selain itu saat bencana seperti skrng ini hampir semua lapisan menengah kebawah kena imbas ekonomi terutama yg bekerja di pariwisata. kami semua yg diphk dan dirumahkan sudah tidak ada penghasilan. lucu dan miris sekali rasanya melihat orang yg mampu mendapatkan sembako sedangkan kami yg sm sekali tidak punya uang utk beli beras pinjam sana sini demi bisa makan. lalu ada jg rencana utk bantuan karyawan yg dirumahkan dan phk tp kenapa hanya didata dr laporan perusahaan. Bagaimana dgn yg tidak terdaftar... saat bencana seperti ini berikanlah bantuan dgn tepat dan merata.','2020-12-16','indra','gianyar','gianyar@gmail.co.id','default.jpg'),
(10,'Pengurusan LKP','Mohon ijin bertanya tentang pengurusan LKP apakah tetap berjalan setiap harinya sehubungan dg outbreak covid19....suksma','2020-12-16','Herlovina','gianyar','gianyar@gmail.co.id','default.jpg'),
(11,'Jam buka pasar traditional','Pagi..Pak Bupati Gianyar yg sy hormati. Terima kasih sebelumnya sdh membatasi jam buka pasar traditional di pasar ubud maupun pasar lainnya. Dan itu tentu sj dilakukan u menghindari kumpulan massa u menghindari penyebaran covid19. Maaf sjmenurut sy sbg ibu RT dan pengguna pasar itu sangatlah tdk efektif. U diketahui jam pasar buka dr 07.0014.00 tahukah bpk klo orang sdh menunggu dr sbelumnyadan sbelum komando buka jam 07 pedagang tdk boleh melayani pembeli. Itu menyebabkan orang di jam 7 pgi itu sangat membludakdan membuat pasar krodit. Nah...dmana tujuan u mengindari covid19 itu bs trwujud???? Saran sy...biarkan pasar buka sperti biasatp jam tutupnya dibatasi. Jgn trlau lama. Misal tutup sampai jam 10pg. Jd orang yg ke pasar bs mengatur waktuentah klo tdk mau trlalu ramemaka ke pasar lbh pagi contoh jam 5 pg sperti yg sy biasa lakukan. Jadi tdk ada kerumunan massa sperti skr ini. Jgn dipukul rata mengenai jam buka tutup pasarkarena tiap pasar beda karakteristik/fungsinya. Boleh bpk cek ke lapanganu tau faktanya. Semoga Gianyar menjadi kota yg bersihsehat n makin maju. Terima Kasih','2020-12-16','Jero Kartika','gianyar','gianyar@gmail.co.id','default.jpg'),
(12,'Mutasi PNS antar Provinsi','Selamat Siang. Mohon informasi bagaimana proses dan syarat permohonan mutasi PNS dari kabupaten Luar Provinsi Bali ke Kabupaten Gianyar (mutasi antar Kabupaten antar Provinsi). Terima Kasih','2020-12-16','Lucy','gianyar','gianyar@gmail.co.id','default.jpg'),
(13,'Sampah numpuk 3 minggu tidak diangkut oleh tukang angkut sampah dari desa melinggih kaja','Tolong dinas terkait kami sebagai masyarakat sangat berharap agar samapah setiap minggu bisa di amabil agar tidak bau dan klau ada kendala tolong sampaikan ke masyarakat biar bisa cari alternatip lain demi kesehatan','2020-12-16','Gusti Gunayusa','gianyar','gianyar@gmail.co.id','default.jpg'),
(14,'(Pengaduan) Pungutan liar Hari Raya Nyepi dari Desa','Dear Info Gianyar saya sebenarnya bingung mau mengadu kesiapa. Saya tinggal dari tahun 2016 dan beragama Hindu dan setiap Nyepi dikenakan iuran/pungutan dari desa Saba yang tujuan penggunaannya juga saya tidak ketahui. Untuk tahun ini kena Rp. 550.000. Apakah itu iuran resmi atau tidak? karena setiap Nyepi selalu dipungut untuk warga yang tidak turun banjar (dinas/adat) dilingkungan tsb. Mohon konfirmasinya. Terima Kasih.','2020-12-16','Ary Wijaya','gianyar','gianyar@gmail.co.id','default.jpg');

/*Table structure for table `ta_laporan` */

DROP TABLE IF EXISTS `ta_laporan`;

CREATE TABLE `ta_laporan` (
  `laporan_id` int(11) NOT NULL AUTO_INCREMENT,
  `laporan_jenis_laporan_id` bigint(20) DEFAULT NULL,
  `laporan_nama` varchar(255) DEFAULT NULL,
  `laporan_file` varchar(255) DEFAULT NULL,
  `laporan_tanggal` date DEFAULT NULL,
  `laporan_user_id` bigint(20) DEFAULT NULL,
  PRIMARY KEY (`laporan_id`)
) ENGINE=InnoDB AUTO_INCREMENT=34 DEFAULT CHARSET=utf8mb4;

/*Data for the table `ta_laporan` */

insert  into `ta_laporan`(`laporan_id`,`laporan_jenis_laporan_id`,`laporan_nama`,`laporan_file`,`laporan_tanggal`,`laporan_user_id`) values 
(1,NULL,'dasd','default.png','2020-08-28',NULL),
(4,6,'adsasd','default.png','2020-08-25',NULL),
(6,6,'asdasd','file_laporan-20200823091812.pdf','2020-08-25',NULL),
(7,6,'sdasd','file_laporan-20200823091846.png','2020-08-25',NULL),
(9,9,'laporan tahunan','file_laporan-20200824022927.pdf','2020-08-25',NULL),
(11,9,'asd','file_laporan-20200823150535.pdf','2020-08-25',NULL),
(13,6,'asd',NULL,'2020-08-25',NULL),
(14,6,'asd',NULL,'2020-08-25',NULL),
(15,8,'sdas','file_laporan-20200910162106.pdf','2020-08-25',NULL),
(16,0,'asdas',NULL,'2020-08-25',NULL),
(17,0,'asdas',NULL,'2020-08-25',NULL),
(18,0,'asdas',NULL,'2020-08-25',NULL),
(20,10,'asds',NULL,'2020-08-25',NULL),
(21,10,'asds',NULL,'2020-08-25',NULL),
(22,0,'asd',NULL,'2020-08-25',NULL),
(23,8,'saa','file_laporan-20200824063546.pdf','2020-08-25',NULL),
(24,8,'saa','file_laporan-20200824063626.pdf','2020-08-25',NULL),
(25,10,'laporan tahunan','file_laporan-20200910134015.pdf','2020-09-10',NULL),
(26,10,'Laporan Lakip','file_laporan-20200912122319.txt','2020-09-12',NULL),
(27,10,'Laporan Bulanan Januari','file_laporan-20201127040847.pdf','2020-11-27',NULL),
(28,11,'LAKIP Kabupaten Gianyar Tahun 2016','file_laporan-20201216143329.pdf','2020-12-16',NULL),
(29,11,'LAKIP Kabupaten Gianyar Tahun 2017','file_laporan-20201216143404.pdf','2020-12-16',NULL),
(30,11,'LAKIP Dinas Pertanian Tahun 2017','file_laporan-20201216143436.pdf','2020-12-16',NULL),
(31,11,'LAKIP Dinas Kesehatan Tahun 2016','file_laporan-20201216143517.pdf','2020-12-16',NULL),
(32,11,'LAKIP Dinas Pertanian Tahun 2016','file_laporan-20201216143538.pdf','2020-12-16',NULL),
(33,11,'LAKIP Kabupaten Gianyar Tahun 2018','file_laporan-20201216143711.pdf','2020-12-16',NULL);

/*Table structure for table `ta_media_cetak` */

DROP TABLE IF EXISTS `ta_media_cetak`;

CREATE TABLE `ta_media_cetak` (
  `media_cetak_id` int(11) NOT NULL AUTO_INCREMENT,
  `media_cetak_nama` varchar(255) DEFAULT NULL,
  `media_cetak_file` varchar(255) DEFAULT NULL,
  `media_cetak_tanggal` date DEFAULT NULL,
  `media_cetak_user_id` bigint(20) DEFAULT NULL,
  PRIMARY KEY (`media_cetak_id`)
) ENGINE=InnoDB AUTO_INCREMENT=7 DEFAULT CHARSET=utf8mb4;

/*Data for the table `ta_media_cetak` */

insert  into `ta_media_cetak`(`media_cetak_id`,`media_cetak_nama`,`media_cetak_file`,`media_cetak_tanggal`,`media_cetak_user_id`) values 
(4,'koran hari ini','file_media_cetak-20200910111009.pdf','2020-09-10',NULL),
(5,'Koran PASWARAN edisi 2019','file_media_cetak-20201127041925.pdf','2020-11-27',NULL),
(6,'Koran PASWARAN edisi 2020 bulan desember','file_media_cetak-20201127050850.pdf','2020-11-27',NULL);

/*Table structure for table `ta_pengumuman` */

DROP TABLE IF EXISTS `ta_pengumuman`;

CREATE TABLE `ta_pengumuman` (
  `pengumuman_isi` text,
  `pengumuman_judul` varchar(255) DEFAULT NULL,
  `pengumuman_tanggal` date DEFAULT NULL,
  `pengumuman_user_id` bigint(20) DEFAULT NULL,
  `pengumuman_id` int(11) NOT NULL AUTO_INCREMENT,
  `pengumuman_slug` varchar(255) DEFAULT NULL,
  PRIMARY KEY (`pengumuman_id`)
) ENGINE=InnoDB AUTO_INCREMENT=23 DEFAULT CHARSET=utf8mb4;

/*Data for the table `ta_pengumuman` */

insert  into `ta_pengumuman`(`pengumuman_isi`,`pengumuman_judul`,`pengumuman_tanggal`,`pengumuman_user_id`,`pengumuman_id`,`pengumuman_slug`) values 
('<p>Hasil Tes Kesehatan dan Jadwal Pelaksanaan Wawancara Panitia Seleksi Penerimaan Calon Kepala Unit dan Kepala Sub Unit, Unit Usaha Air Minum Dalam Kemasan Perusahaan Umum Daerah Air Minum Tirta Sanjiwani Kabupaten Gianyar Tahun 2020</p>\n\n<p><img src=\"https://gianyarkab.go.id/public/ckfinder/userfiles/images/Perumda%20Air%20Minum%20Tirta%20Sanjiwani/Pengumuman/PENGUMUMAN%20TES%20KESEHATAN-1.jpg\" /></p>\n\n<p><img src=\"https://gianyarkab.go.id/public/ckfinder/userfiles/images/Perumda%20Air%20Minum%20Tirta%20Sanjiwani/Pengumuman/PENGUMUMAN%20TES%20KESEHATAN-2.jpg\" /></p>\n','Hasil Tes Kesehatan dan Jadwal Pelaksanaan Wawancara Panitia Seleksi Penerimaan Calon Kepala Unit dan Kepala Sub Unit','2020-12-16',NULL,13,'hasil-tes-kesehatan-dan-jadwal-pelaksanaan-wawancara-panitia-seleksi-penerimaan-calon-kepala-unit-dan-kepala-sub-unit'),
('<p>Hasil Tes Kompetensi Bidang dan Psikotes Penerimaan Calon Kepala Unit dan Kepala Sub Unit, Unit Usaha Air Minum Dalam Kemasan Perusahaan Umum Daerah Air Minum Tirta Sanjiwani Kabupaten Gianyar Tahun 2020</p>\n\n<p><img src=\"https://gianyarkab.go.id/public/ckfinder/userfiles/images/Perumda%20Air%20Minum%20Tirta%20Sanjiwani/Pengumuman/Hasil%20Tes%20Bidang%20dan%20Psikotes%20Perumda%20Air%20Minum%20Tirta%20Sanjiwani%20(1).jpg\" /><img src=\"https://gianyarkab.go.id/public/ckfinder/userfiles/images/Perumda%20Air%20Minum%20Tirta%20Sanjiwani/Pengumuman/Hasil%20Tes%20Bidang%20dan%20Psikotes%20Perumda%20Air%20Minum%20Tirta%20Sanjiwani%20(2).jpg\" /></p>\n','Hasil Tes Kompetensi Bidang dan Psikotes Penerimaan Calon Kepala Unit dan Kepala Sub Unit, Unit Usaha Air Minum Dalam Kemasan Perusahaan Umum Daerah Air Minum Tirta Sanjiwani Kabupaten Gianyar Tahun 2020','2020-12-16',NULL,14,'hasil-tes-kompetensi-bidang-dan-psikotes-penerimaan-calon-kepala-unit-dan-kepala-sub-unit-unit-usaha-air-minum-dalam-kemasan-perusahaan-umum-daerah-air-minum-tirta-sanjiwani-kabupaten-gianyar-tahun-2020'),
('<p><img src=\"https://gianyarkab.go.id/public/ckfinder/userfiles/images/PDAM/Perumda%20Sanjiwani/Jabatan%20Tinggi%20Prataman/pengumuman-cap_page-0001.jpg\" /></p>\n','Perpanjangan Pengumuman Pengisian Jabatan Pimpinan Tinggi Pratama di Lingkingungan Pemerintah Kabupaten Gianyar','2020-12-16',NULL,15,'perpanjangan-pengumuman-pengisian-jabatan-pimpinan-tinggi-pratama-di-lingkingungan-pemerintah-kabupaten-gianyar'),
('<p><img src=\"https://gianyarkab.go.id/public/ckfinder/userfiles/images/PDAM/Perumda%20Sanjiwani/EPSON005_page-0001.jpg\" /><img src=\"https://gianyarkab.go.id/public/ckfinder/userfiles/images/PDAM/Perumda%20Sanjiwani/EPSON005_page-0002.jpg\" /><img src=\"https://gianyarkab.go.id/public/ckfinder/userfiles/images/PDAM/Perumda%20Sanjiwani/EPSON005_page-0003.jpg\" /><img src=\"https://gianyarkab.go.id/public/ckfinder/userfiles/images/PDAM/Perumda%20Sanjiwani/EPSON005_page-0004.jpg\" /></p>\n','Hasil Seleksi Administrasi Penerimaan Calon Kepala Unit dan Kepala Sub Unit, Unit Usaha Air Minum Dalam Kemasan Perusahaan Umum Daerah Air Minum Tirta Sanjiwani Kabupaten Gianyar Tahun 2020','2020-12-16',NULL,16,'hasil-seleksi-administrasi-penerimaan-calon-kepala-unit-dan-kepala-sub-unit-unit-usaha-air-minum-dalam-kemasan-perusahaan-umum-daerah-air-minum-tirta-sanjiwani-kabupaten-gianyar-tahun-2020'),
('<p><img src=\"https://gianyarkab.go.id/public/ckfinder/userfiles/images/Pengumuman/EPSON003_pages-to-jpg-0001.jpg\" /><img src=\"https://gianyarkab.go.id/public/ckfinder/userfiles/images/Pengumuman/EPSON003_pages-to-jpg-0002.jpg\" /><img src=\"https://gianyarkab.go.id/public/ckfinder/userfiles/images/Pengumuman/EPSON003_pages-to-jpg-0003.jpg\" /></p>\n','Perpanjangan Seleksi Penerimaan Calon Kepala Unit Dan Kepala Sub Unit, Unit Usaha Air Minum Dalam Kemasan (AMDK) Perumda Air Minum Tirta Sanjiwani Tahun 2020','2020-12-16',NULL,17,'perpanjangan-seleksi-penerimaan-calon-kepala-unit-dan-kepala-sub-unit-unit-usaha-air-minum-dalam-kemasan-amdk-perumda-air-minum-tirta-sanjiwani-tahun-2020'),
('<p><img src=\"https://gianyarkab.go.id/public/ckfinder/userfiles/images/PDAM/Perumda%20Sanjiwani/Jabatan%20Tinggi%20Prataman/pengumuman-cap_page-0001.jpg\" /></p>\n','Perpanjangan Pengumuman Pengisian Jabatan Pimpinan Tinggi Pratama di Lingkingungan','2020-12-16',NULL,18,'perpanjangan-pengumuman-pengisian-jabatan-pimpinan-tinggi-pratama-di-lingkingungan'),
('<p><img src=\"https://gianyarkab.go.id/public/ckfinder/userfiles/images/PDAM/Perumda%20Sanjiwani/img20201204_12490268_page-0001.jpg\" /></p>\n','Pengumuman Lelang Perusahaan Umum Daerah Air Minum Tirta Sanjiwani','2020-12-16',NULL,19,'pengumuman-lelang-perusahaan-umum-daerah-air-minum-tirta-sanjiwani'),
('<p><img src=\"https://gianyarkab.go.id/public/ckfinder/userfiles/images/Pengumuman/SURAT%20PERPANJANGAN%20SELEKSi.jpg\" /></p>\n','Perpanjangan Pengumuman Pengisian Jabatan Pimpinan Tinggi Pratama','2020-12-16',NULL,20,'perpanjangan-pengumuman-pengisian-jabatan-pimpinan-tinggi-pratama'),
('<p><img src=\"https://gianyarkab.go.id/public/ckfinder/userfiles/images/Pengumuman/Pengumuman%20Seleksi%20Terbuka%20JPT%20Pratama_1.jpg\" /><img src=\"https://gianyarkab.go.id/public/ckfinder/userfiles/images/Pengumuman/Pengumuman%20Seleksi%20Terbuka%20JPT%20Pratama_2.jpg\" /><img src=\"https://gianyarkab.go.id/public/ckfinder/userfiles/images/Pengumuman/Pengumuman%20Seleksi%20Terbuka%20JPT%20Pratama_3.jpg\" /><img src=\"https://gianyarkab.go.id/public/ckfinder/userfiles/images/Pengumuman/Pengumuman%20Seleksi%20Terbuka%20JPT%20Pratama_4.jpg\" /></p>\n','Pengisian Jabatan Pimpinan Tinggi Pratama Secara Terbuka Di Lingkungan Pemerintah Kabupaten Gianyar','2020-12-16',NULL,21,'pengisian-jabatan-pimpinan-tinggi-pratama-secara-terbuka-di-lingkungan-pemerintah-kabupaten-gianyar'),
('<p>Hasil Seleksi Uji Kelayakan Dan Kepatutan (UKK) Calon Direktur Utama Perusahaan Umum Daerah Gianyar</p>\n','Hasil Seleksi Uji Kelayakan Dan Kepatutan (UKK) Calon Direktur Utama Perusahaan Umum Daerah Gianyar','2020-12-16',NULL,22,'hasil-seleksi-uji-kelayakan-dan-kepatutan-ukk-calon-direktur-utama-perusahaan-umum-daerah-gianyar');

/*Table structure for table `ta_ucapan_perayaan` */

DROP TABLE IF EXISTS `ta_ucapan_perayaan`;

CREATE TABLE `ta_ucapan_perayaan` (
  `ucapan_perayaan_id` int(11) NOT NULL AUTO_INCREMENT,
  `ucapan_perayaan_teks` varchar(255) DEFAULT NULL,
  PRIMARY KEY (`ucapan_perayaan_id`)
) ENGINE=InnoDB AUTO_INCREMENT=9 DEFAULT CHARSET=utf8mb4;

/*Data for the table `ta_ucapan_perayaan` */

insert  into `ta_ucapan_perayaan`(`ucapan_perayaan_id`,`ucapan_perayaan_teks`) values 
(6,'DIRGAHAYU KOTA GIANYAR KE-247 \"GIANYAR SEBAGAI INSPIRASI PELESTARIAN BUDAYA BALI\"'),
(7,'DIRGAHAYU INDONESIA KE-75 \"INDONESIA MAJU\"'),
(8,'Situs Resmi Pemerintah Kabupaten Gianyar');

/*!40101 SET SQL_MODE=@OLD_SQL_MODE */;
/*!40014 SET FOREIGN_KEY_CHECKS=@OLD_FOREIGN_KEY_CHECKS */;
/*!40014 SET UNIQUE_CHECKS=@OLD_UNIQUE_CHECKS */;
/*!40111 SET SQL_NOTES=@OLD_SQL_NOTES */;
